Rank,Company,company_link,company_info,round_led_by,company_background,founded_year,location,country,stage,primary_sector,time_to_unicorn,top_investors_1,top_investors_2,annual_revenue,valuation,total_funding_till_date,employee_count,latest_funding_round
118,Juspay,https://tracxn.com/d/companies/juspay/__fDjQyojq6Uh_DeW1pRNecBKAdkkLtN01Ccml4wlD_dk,"Juspay joined the Unicorn Club on Apr 07, 2025 after raising a Undisclosed Series D funding round led by .",Kedaara,"Provider of a global payments operating system. It offers payment orchestration, enabling real-time transaction optimization and integration with various payment service providers. The system facilitates recurring payments, optimizing revenue and retention through features like real-time card updates and smart retries. A customizable checkout experience is provided to maximize conversions, along with 3DS authentication for enhanced security and fraud reduction. Network tokenization improves acceptance rates and lowers processing fees. The platform also includes payout capabilities for various methods and a no-code offers engine for managing customer promotions. It provides tools for reconciliation, dispute management, and detailed performance analytics.",2012,Bengaluru  ,India,Series D,Payments,13 years 3 months,Wellington,Kedaara,"?348Cr as on Mar 31, 2024","?3,450Cr as on Jun 23, 2022",$88M,"1,015 as on Feb 28, 2025","Series D, Apr 07, 2025"
117,Money View,https://tracxn.com/d/companies/money-view/__NRQRmOVRDpuHzMRCzk3qauzM76P31UNYUzYAnXXZSD0,"Money View joined the Unicorn Club on Sep 12, 2024 after raising a $4.65M Series E funding round led by , , valuing it at $1.21B.",Accel,"Provider of digital financial services including loans, investments, and insurance. It offers a suite of personalized financial products accessible through a mobile application. These products encompass personal loans, home loans, business loans, loans secured by property, credit cards, fixed deposits, gold investments, and motor insurance. The platform also incorporates a credit tracker for users to monitor their credit behavior. The company leverages technology to streamline the application and management of these financial services.",2014,Bengaluru  ,India,Series E,Alternative Lending,10 years 8 months,Accel,Nexus Venture Partners,"?1,390Cr as on Mar 31, 2024","?10,100Cr as on Sep 17, 2024",$220M,"709 as on Feb 28, 2025","Series E, Sep 12, 2024, $4.65M"
116,Ather Energy,https://tracxn.com/d/companies/ather-energy/__KnTDVjhwYR6EFUQOxBpPbdmAZ5556-PJY-lXZyrfGgg,"Ather Energy joined the Unicorn Club on Aug 13, 2024 after raising a $71.5M Series E funding round led by , valuing it at $980M.",NIIF,"Electric vehicle manufacturer offering scooters and other models. It is a manufacturer of electric scooters and associated charging infrastructure offering various models and features. The company also develops and operates a fast-charging network for its vehicles. It provides additional services such as warranty programs covering battery degradation and roadside assistance. Smart helmets, merchandise, seat covers and other accessories are also part of the product portfolio.",2013,Bengaluru  ,India,Public,Electric Vehicles,11 years 7 months,Herald Investment Management,GIC,"?1,790Cr as on Mar 31, 2024",$502M,,"1,630 as on Mar 31, 2025","Series E, Aug 13, 2024, $71.5M"
115,Rapido,https://tracxn.com/d/companies/rapido/__u2bFpKhkCp_3jdzw9GH-jkMQR76G6diQhpvtZuTy_kE,"Rapido joined the Unicorn Club on Jul 29, 2024",,"Platform offering bike taxi, auto rickshaw, and cab services. It includes features such quick bookings, real time tracking, and safety measures for urban commuting.?",2015,Bengaluru  ,India,Series E,Road Transport Tech,9 years 6 months,WestBridge Capital,Invus,"?695Cr as on Mar 31, 2024","?9,230Cr as on Dec 27, 2024",$559M,"671 as on Feb 28, 2025","Series E, Dec 27, 2024, $29.8M"
114,Porter,https://tracxn.com/d/companies/porter/__4hfBdL0E0gWWywMOsTJBJNJfH5aoHyskfUXCRnRGer0,"Porter joined the Unicorn Club on May 16, 2024",,App-based platform offering on-demand trucking and relocation services. The platform offers intracity and intercity delivery services through two-wheeler and trucks. It provides a mobile application that allows users to provide the pickup and delivery location to deliver the goods. The platform enables users to select the delivery vehicle type and type of goods to be delivered. It allows users to track the delivery. The application is available on Apple Store and Google Play Store.,2014,Bengaluru  ,India,Series F,Logistics Tech,10 years 4 months,Wellington,Lightstone Ventures,"?2,770Cr as on Mar 31, 2024","$1B as on May 17, 2024",$151M,"2,041 as on Feb 28, 2025","Series F, May 08, 2025"
113,Perfios,https://tracxn.com/d/companies/perfios/__0EGHnw5jEzfIZ-KDeEr5khTEFVyDkM7UO0jshHHOrN8,"Perfios joined the Unicorn Club on Mar 13, 2024 after raising a $80M Series D funding round led by .",Ontario Teachers' Pension Plan,"Provider of fintech solutions for digital onboarding, underwriting, and fraud prevention. It offers a suite of products including document analysis tools, KYC and KYB verification, AI-powered fraud detection, ITR and GST analyzer, video based personal discussion, policy details verification, documents due dilligence, deepfake detection, data collection and more. The solutions streamline operations and manage customer experiences across various industries, such as banking, insurance, and e-commerce. The companys offerings also encompass embedded finance solutions, risk assessment tools, and claims automation capabilities.",2008,Bengaluru  ,India,Series D,Banking Tech,16 years 2 months,Alternative Lending,Investment Tech,"?569Cr as on Mar 31, 2024","?8,440Cr as on Mar 27, 2024",$263M,"1,072 as on Feb 28, 2025","Series D, Mar 13, 2024, $80M"
112,Krutrim,https://tracxn.com/d/companies/krutrim/__JfsrVc2TQCqAdHXKzx6bPk4-PyEcEhpIY5dCtwz3_ds,"Krutrim joined the Unicorn Club on Jan 26, 2024 after raising a $50M Series B funding round led by .",Z47,"Developer of Generative AI applications. It offers a platform for enterprises, researchers, and developers to build Generative AI applications. The platform provides managed access to model repository and AI compute. It is a large language model trained on multiple tokens, for understanding and generating content in multiple languages.",2023,Bengaluru  ,India,Series B,Generative AI,1 year,AI Infrastructure,Z47,"?3.09Cr as on Mar 31, 2024","$1B as on Apr 29, 2024",$51.1M,"373 as on Jan 31, 2025","Angel, Apr 12, 2024, $99.6K"
111,InCred,https://tracxn.com/d/companies/incred/__s4e5BlNLhtpQH2fnG1vkRU-5CXm1QeufhBnVgSmzfx4,"InCred joined the Unicorn Club on Nov 09, 2023 after raising a $60.1M Series D funding round led by , .",Ranjan Pai,"Online platform offering diversified consumer and business loans. It mainly offers personal loans, education loans, and SME loans. It offers a completely online process for loan application and its annual interest rate is based on the loan terms, loan amount, and credit assessment of the borrower. It allows users to repay loans via credit or debit cards, bank transfers, and wallets.",2016,Mumbai  ,India,Series D,Alternative Lending,7 years 10 months,KKR,Barclays,"?2.71L as on Mar 31, 2024","$1.04B as on Dec 25, 2023",$318M,"2,004 as on Jan 31, 2025","Conventional Debt, Mar 13, 2025, $30M"
110,Zepto,https://tracxn.com/d/companies/zepto/__MywAn4omlIVSmoQGQd_una-z9EUqUZEdfFVcaSxbWZc,"Zepto joined the Unicorn Club on Aug 25, 2023 after raising a $200M Series E funding round led by , , valuing it at $1.4B.",StepStone Group,"Provider of rapid grocery delivery services. This company offers a platform for ordering groceries online and receiving delivery within minutes. The service includes a wide selection of grocery items, fresh produce, and other household goods. Customers can browse and select items through an app, add them to a cart, and complete their order for quick delivery. The business model focuses on speed and convenience, aiming to provide a fast and efficient grocery shopping experience.",2020,Bengaluru  ,India,Series G,Online Grocery,3 years 7 months,Glade Brook Capital,Rocket Internet,"?4,500Cr as on Mar 31, 2024","$5B as on Aug 14, 2024",$1.95B,"5,469 as on Mar 31, 2025","Series G, Nov 21, 2024, $350M"
109,boAt,https://tracxn.com/d/companies/boat/__1-6OVEvWhIXhXscfbwOm0-i2W0wUXlKyhF6rf5bSZCI,"boAt joined the Unicorn Club on Oct 28, 2022 after raising a $61.6M Series C funding round led by , , valuing it at $1.32B.",Warburg Pincus,"Platform offering wearable audio devices. Its a consumer goods company that designs and manufactures audio and wearable products, such as earbuds, headphones, and smartwatches. The company focuses on providing high-quality products with contemporary designs and innovative features. Its product includes headphones,earphone,wireless earbuds,neckbands,party speakers,smart watches,power banks,chargers and more.",2016,Gurugram  ,India,Series C,Consumer Electronics E-Commerce,6 years 9 months,Audio Tech,Wearable Technology,"?10,800Cr as on Dec 02, 2022",$171M,"952 as on Feb 28, 2025",,"Angel, Feb 01, 2024"
108,Molbio Diagnostics,https://tracxn.com/d/companies/molbio-diagnostics/__SxlD2rxT49dH_aUoLEVps4Z84O4UiVQWHQ4yl136R0I,"Molbio Diagnostics joined the Unicorn Club on Sep 23, 2022",,"Provider of molecular diagnostic solutions for infectious diseases. The company's product portfolio includes Truelab Uno Dx Real-Time Micro PCR Analyzer an advanced nucleic acid test system.Truelab Micro PCR printer, Trueprep MAG Sample preparation, fixed volume micropipettes, Chip-Based Real-time PCR tests, magnetic nanoparticle-based kits for extraction and purification of nucleic acids. it also offers tests for the detection of Mycobacterium tuberculosis (MTB), TB resistance, HBV viral load, Dengue, H1N1, Chikungunya, and Salmonella.",2000,Salcete  ,India,Series C,Infectious Diseases,22 years 8 months,Genomics,Temasek,"?337Cr as on Mar 31, 2023","$1.6B as on Sep 26, 2022",$124M,"698 as on Mar 31, 2025","Grant (prize money), 2023"
107,Tata 1mg,https://tracxn.com/d/companies/tata-1mg/__dSVqnvE3Dno3iMx29FA80F6piVshxfhPyEku3K8Y3G0,"Tata 1mg joined the Unicorn Club on Sep 06, 2022",,"Provider of an online pharmacy with doctor listing and teleconsultation services. It offers pharmacy store where the user to view medicines, compare prices, and purchase online. The user can also upload prescriptions for placing the order. It offers an online doctor consultation and lab test platform that allows users to search for doctors and book appointments. The platform sells fitness supplements, healthcare products, healthcare devices, and alternate medicines.",2015,Delhi  ,India,Acquired,Healthcare Booking Platforms,7 years 8 months,HBM Healthcare Investments,Maverick Ventures,"?1,990Cr as on Mar 31, 2024","$1.25B as on Sep 06, 2022",$231M,"4,360 as on Feb 28, 2025","Series D, Sep 02, 2022, $40.8M"
106,Shiprocket,https://tracxn.com/d/companies/shiprocket/__GEtWdxeph53DBbiEE-SxuOB4UxyQODg_Y1eVQHSeuGw,"Shiprocket joined the Unicorn Club on Aug 17, 2022",,"E-commerce shipping and fulfillment platform that offers automated order fulfillment, tracking, and access to a variety of courier services. The company provides a comprehensive suite of tech solutions for e-commerce and D2C brands to streamline their shipping operations and deliver customer experience. Its features include order management, a shipping rate calculator, order tracking, and more. It enables customers to manage orders across several marketplaces with order upload, and track shipments and orders using AWB tracking numbers, order IDs, or mobile numbers.",2012,Gurugram  ,India,Series E,Logistics Tech,10 years 7 months,E-Commerce Enablers,Brands Tech,"?1,360Cr as on Mar 31, 2024","?10,200Cr as on Mar 07, 2025",$349M,"805 as on Mar 31, 2025","Series E, Dec 27, 2024, $26M"
105,OneCard,https://tracxn.com/d/companies/onecard/__wf9zbMdEFG1qA8riMd537sNGf93uQiwGXupBCra3594,"OneCard joined the Unicorn Club on Jul 04, 2022 after raising a $107M Series D funding round led by , , valuing it at $1.29B.",Temasek,"Provider of a premium metal credit card with a digital-first approach. The company offers a metal credit card featuring no hidden fees and a user-friendly mobile application for managing card functions. A key feature is the instant rewards program, allowing for fractional point redemption. The platform also provides an EMI option for purchases, enabling users to pay in installments without extensive paperwork. A family sharing feature allows users to manage multiple cards under one account. The company supports its offerings with a blog providing financial guidance.",2019,Pune  ,India,Series D,Payments,3 years 6 months,GIC,Temasek,"?11,600Cr as on Nov 18, 2024",$262M,"954 as on Jan 31, 2025",,"Series D, Nov 18, 2024, $28.5M"
104,LeadSquared,https://tracxn.com/d/companies/leadsquared/__GhwqUB8i0uV81NMtpyVUTF8KIXJ_IRM91A5DkSdKXQA,"LeadSquared joined the Unicorn Club on Jun 21, 2022",,"Cloud based platform offering sales CRM and marketing automation solutions. It uses an artificial intelligence algorithm and offers features such as shift scheduling, workflow, route planning, report generation, location tracking, attendance recording, document management, payroll administration, and more. Its solutions include lead management, building email templates, and landing pages, workflow automation, merchant management, and more. It also offer features such as captures leads from various sources such as inbound emails, online campaigns, phone calls, and websites, automatically scores leads based on engagement and suitability for conversion, ddrip marketing and trigger-based emails to make leads sales-ready and more. It caters to various sectors such as finance, healthcare, insurance, banking, real estate, automotive, and others. It is a tool available on the subscription based pricing model.",2011,Bengaluru  ,India,Series C,Sales Force Automation,11 years 5 months,MarketingTech,Field Force Automation,"?325Cr as on Mar 31, 2024","?7,200Cr as on Nov 03, 2022",$204M,,"Series C, Jun 12, 2022, $153M"
103,Purplle,https://tracxn.com/d/companies/purplle/__Xj8FM0gwvTpxbRFMS_tVIDPSRGHjFE8PHJhit2cSl9I,"Purplle joined the Unicorn Club on Jun 09, 2022 after raising a $34.8M Series E funding round led by , valuing it at $1B.",Paramark Ventures,"Online cosmetic brands marketplace platform offering a wide range of beauty products. It is an e-commerce platform that allows customers to purchase a wide range of beauty and cosmetic products from various brands. The company operates an omnichannel business model connecting brands with consumers within categories such as skin, hair, body, health and wellness, accessories and appliances. The product catalog includes shampoos, hair extensions, lipsticks, eye patches, moisturizers, essential oils, perfumes, mists, bath gels, cleaning tools, creams, lotions and more.",2011,Mumbai  ,India,Series F,Beauty Tech,11 years 5 months,Goldman Sachs,ADIA,"?725Cr as on Mar 31, 2024","$1.3B as on Oct 14, 2024",$560M,"914 as on Feb 28, 2025","Series F, Jun 27, 2024, $178M"
102,Physics Wallah,https://tracxn.com/d/companies/physics-wallah/___k9Ztp_nwAdFtc00y4p0mxPPYNQQIoinmF1YKg2AJYM,"Physics Wallah joined the Unicorn Club on Jun 07, 2022 after raising a $102M Series A funding round led by , valuing it at $1.09B.",WestBridge Capital,"Online platform offering live courses for JEE, NEET, and classes. It provides educational resources and live sessions with teachers including courses on various subjects such as physics, chemistry, mathematics, and biology. The platform also provides study material for competitive exams, interactive sessions, community forums, and resources that facilitates collaborative learning.",2020,Noida  ,India,Series B,K-12 EdTech,2 years 5 months,Test Preparation Tech,WestBridge Capital,"$3.7B as on Feb 11, 2025",$312M,"11,464 as on Feb 28, 2025",,"Series B, Sep 20, 2024, $210M"
101,Vivriti Capital,https://tracxn.com/d/companies/vivriti-capital/__wBs55XukcIPrxB1M1zur3Y0U1lydwoDy4FU7Kb9c3m4,"Vivriti Capital joined the Unicorn Club on May 09, 2022 after raising a $30M Series C funding round led by , valuing it at $1.36B.",TVS Capital Funds,"Developer of a debt financing platform for corporates, SMEs, and individuals. It offers users a range of financial products including loans, receivables finance, working capital, structured debt, and capital market instruments. It also provides webinars and insights to assist in making lending decisions.",2017,Chennai  ,India,Series D,Alternative Lending,5 years 4 months,Lightstone Ventures,TVS Capital Funds,"?1,110Cr as on Mar 31, 2024","?14,100Cr as on Nov 03, 2023",$205M,"376 as on Feb 28, 2025","Conventional Debt, Sep 30, 2024, $25M"
100,Open,https://tracxn.com/d/companies/open/__Tivm52sBRTc3OmMupMjS0b0Y_UNU8ragd5vCrnOHqzY,"Open joined the Unicorn Club on May 02, 2022 after raising a $50M Series D funding round led by , .",India Infoline,"SaaS-based digital bank for startups and enterprises. It offers services that include deposit accounts, money transfers, UPI autopay, cash management, debit cards for online and offline purchases, expense management, and invoice management. It enables businesses to collect online payments, perform bulk payouts, reconcile transactions, and manage accounts payables and receivables. It offers an open business card for managing expenses with banking and accounting. It also enables users to integrate multiple accounts into the platform.",2017,Bengaluru  ,India,Series D,Banking Tech,5 years 4 months,Temasek,Recruit Strategic Partners,"?7,300Cr as on Jun 01, 2022",$186M,"289 as on Mar 31, 2025",,"Series D, May 02, 2022, $50M"
99,Games24x7,https://tracxn.com/d/companies/games24x7/__uHWQKd1PnMF_O87JhA7Z7rfMJcoUN0D-t4GHV0-DjSY,"Games24x7 joined the Unicorn Club on Mar 30, 2022 after raising a $75M Series C funding round led by , , , valuing it at $2.53B.",Malabar Investments,"Provider of online gaming platform offering skill games. The company specializes in technology, and artificial intelligence to provide game-playing experiences across all its platforms. Also, it offers portfolio of skill and casual games.",2006,Mumbai  ,India,Series C,PC & Console Gaming,16 years 2 months,Gambling Tech,Mobile Gaming,"?18,800Cr as on Sep 02, 2022",$99.1M,,"821 as on Oct 31, 2024","Series C, Mar 30, 2022, $75M"
98,Oxyzo,https://tracxn.com/d/companies/oxyzo/__g2utVYQZxUoalxsSVKmRBUZe4KM3u0uroOD6zSDQ5M0,"Oxyzo joined the Unicorn Club on Mar 23, 2022 after raising a $201M Series A funding round led by , ,  and  more, valuing it at $1B.",Alpha Wave Global,"Provider of an online lenders providing micro loans for businesses. It provides users with a platform that offers lines of credit without collaterals. It offers financing solutions to help SMEs manage their cash flow and improve their working capital. It offers financial solutions for SMEs including working capital financing solutions, collateral-free credit options, and long-term financing solutions. It also allows businesses to take loan against property and also allows businesses to take loan for machinery and equipment.",2016,Gurugram  ,India,Series A,Alternative Lending,6 years 2 months,Norwest Venture Partners,Tiger Global Management,"?904Cr as on Mar 31, 2024","?7,950Cr as on Aug 06, 2022",$201M,"550 as on Feb 28, 2025","Conventional Debt, Feb 24, 2025"
97,CommerceIQ,https://tracxn.com/d/companies/commerceiq/__lGkXNU8D9DAA8F7r4OBYXezGKjb35G7NS56fQKAykr8,"CommerceIQ joined the Unicorn Club on Mar 21, 2022 after raising a $115M Series D funding round led by , valuing it at $1B.",SoftBank Vision Fund,"Provider SaaS and AI-based analytics software for e-commerce businesses. The software provides automated market insights, ad campaigns, and operation control. Its features include bid optimization, keyword harvesting, ad hoc capability, budget tracking, customer rule builder, competitor tracking, stock management, AI-based shelf analysis, supply chain management, and more.",2012,Mountain View  ,United States,Series D,E-Commerce Enablers,10 years 2 months,Brands Tech,MarketingTech,"?94.3Cr as on Mar 31, 2023","$1B as on Mar 21, 2022",$196M,"245 as on Nov 30, 2024","Series D, Mar 21, 2022, $115M"
96,Amagi,https://tracxn.com/d/companies/amagi/__EroEsPUYElNT5v5k31bq-RSLufGm9fB7KzbXryX3uv4,"Amagi joined the Unicorn Club on Mar 16, 2022 after raising a $95M Series E funding round led by , valuing it at $1.07B.",Accel,"Cloud based CTV advertising platform for enterprises. It connects advertisers directly to CTV content across sports, news, entertainment, and lifestyle programming. It generates ad revenues through ad insertion and local feeds from satellites. It includes an analytics feature that provides insights into metrics such as views, total viewership, content load time, and more. Its offerings include VOD, ad scheduler, live orchestration, editing, and more.",2008,Bengaluru  ,India,Series F,Tech for Traditional Advertising,14 years 2 months,Tech for Film & TV,OTT Video,"?11,600Cr as on Nov 13, 2022",$359M,,,"Series F, Nov 01, 2022, $100M"
95,Yubi,https://platform.tracxn.com/a/d/company/kFS_AfUJjcb-L6R3zM8VlHR7FCA4kKe3PVxe2xRWEPw/go-yubi.com,"Yubi joined the Unicorn Club on Mar 06, 2022 after raising a $137M Series B funding round led by , , , valuing it at $1.29B.",Insight Partners,"Online marketplace for business loans. It offers a debt marketplace that enables businesses to raise capital with a proprietary matchmaking algorithm and a deal execution engine. The platform also provides a robust AI-enabled, SaaS-based debt recovery platform and a collections platform. It also features like AI-based analytics, automated custom reports, API integration, and monitoring tools.",2020,Chennai  ,India,Series B,Alternative Lending,2 years 2 months,TVS Capital Funds,Dragoneer Investment Group,"?562Cr as on Mar 31, 2024","?10,200Cr as on Aug 22, 2024",$239M,"588 as on Feb 28, 2025","Series B, Mar 06, 2022, $137M"
94,Hasura,https://tracxn.com/d/companies/hasura/__SMK3S7BMgtsGtSv97RLd1UJUbyheNG10g9USc7rNJ4A,"Hasura joined the Unicorn Club on Feb 22, 2022 after raising a $100M Series C funding round led by , valuing it at $1B.",Greenoaks,"Cloud-based graphql API development platform. It enables developers to generate APIs by connecting with databases, and rest APIs. It allows users to develop, optimize, and deploy graphql APIs. The API assists users in data delivery and app development. The platform generates insights into the API performance. Features include authorization, API security, caching, error tracking, and more.",2017,San Francisco  ,United States,Series C,API Management,5 years 1 month,Lightspeed Venture Partners,Nexus Venture Partners,"?11.4K as on Mar 31, 2024","$1B as on Apr 22, 2025",$239M,,"Series C, Feb 22, 2022, $100M"
93,Uniphore,https://tracxn.com/d/companies/uniphore/__qc0Tx2JG6_zdqzjxpSYBCtGZ5GpjeKyO3PsMME5sWbw,"Uniphore joined the Unicorn Club on Feb 16, 2022",,"AI and cloud-based platform offering conversational customer service automation solutions. Its offerings include conversational security and automation software, analytics, conversational assistant, customer engagement, and more. The platform automates agent after call work summaries, and analyze conversations in real time. It is providing insights into customer buying behaviour, and engage with customers.",2008,Palo Alto  ,United States,Series E,Speech and Voice Recognition,14 years 1 month,Customer Service Software,Sales Force Automation,"?314Cr as on Mar 31, 2024",$1.67B - $3.12B,$657M,"363 as on Mar 31, 2025","Series E, Jan 28, 2022, $400M"
92,XpressBees,https://tracxn.com/d/companies/xpressbees/__DKxP1rRdFu6PD1qkXIF_1w595cRKjVa_JTZXdRFdEX4,"XpressBees joined the Unicorn Club on Feb 09, 2022 after raising a $100M Series F funding round led by , , , valuing it at $1.11B.",Blackstone,"Provider of logistics and courier solutions. It provides end-to-end domestic supply chain solutions and international logistics services to e-commerce businesses, individuals, and other clients. It provides end to end supply chain solutions and international logistics services to e-commerce businesses. The platform offers technology-enabled solutions, enabling real-time tracking and on-time delivery. It provides logistics services to different clients, from small businesses to large enterprises. The company serves e-commerce businesses and provides tracking solutions for shipment management. It also enables shipment tracking, cargo deliveries, cross-border logistics and transactions, imports and exports, warehousing, and more. It provides integration with online marketplaces, management of stock orders, inventories, returns, and fulfillment.",2015,Pune  ,India,Series G,Logistics Tech,7 years 1 month,E-Commerce Enablers,ChrysCapital,"?12,300Cr as on Nov 07, 2023",$356M,,"31 as on Jan 31, 2025","Series G, Nov 07, 2023, $80M"
91,ElasticRun,https://tracxn.com/d/companies/elasticrun/__D5twyf2sSsaToMKFo452P6DiWPDTLaatrV2auy25NnQ,"ElasticRun joined the Unicorn Club on Feb 08, 2022",,"Provider of B2B e-commerce and logistics solutions for rural markets. It offers a platform connecting brands directly with rural retailers, facilitating efficient product distribution and sales. It also provides a comprehensive logistics network to support the delivery of goods. The platform's technology stack enables streamlined operations and business management for both brands and retailers. The services offered aim to improve access to goods and services in underserved areas.",2014,Pune  ,India,Series E,E-Commerce Enablers,8 years 1 month,Rural Ecommerce,In Store Retail Tech,"?2,540Cr as on Mar 31, 2024","$800M as on Jun 07, 2024",$462M,"1,253 as on Feb 28, 2025","Series E, Feb 07, 2022, $330M"
90,LivSpace,https://tracxn.com/d/companies/livspace/__jW3bucmuxxt7wnW0Ru8fEhLj0iTod5V8Roa0OsWdp9I,"LivSpace joined the Unicorn Club on Feb 07, 2022 after raising a $184M Series F funding round led by , ,  and  more, valuing it at $957M.",KKR,"Provider of end-to-end home interior design and renovation services. It offers modular solutions for kitchens, wardrobes, and other spaces. Services include design, material sourcing, installation, and project management for both new constructions and renovations. It also provides price calculators for various projects to aid in budgeting. The company offers various design styles and caters to diverse customer preferences. A focus is placed on efficient project completion and customer satisfaction.",2014,Bengaluru  ,India,Series F,Home Improvements,8 years 1 month,Property Management Tech,Local Services,"?960Cr as on Mar 31, 2024","1.33B SGD as on Jun 23, 2022",$527M,"5,210 as on Feb 28, 2025","Series F, Feb 29, 2024"
89,DealShare,https://tracxn.com/d/companies/dealshare/__Be_ZMDvJ1M0TqW0p-1XDFDlofY_8IbxqYs1CbvSfEcM,"DealShare joined the Unicorn Club on Jan 27, 2022 after raising a $210M Series E funding round led by , , valuing it at $1.71B.",Tiger Global Management,"Online social deal-sharing platform for multi-category products. The company offers deals on various products like fruits & vegetables, grocery items, fashion accessories, home decor products, and more. It allows users to buy and share deals with their friends. The company offers discounts depending on the number of people purchasing its products.",2018,Bengaluru  ,India,Series E,Social Commerce,4 years,Online Grocery,WestBridge Capital,"?600Cr as on Mar 31, 2024","?12,700Cr as on Mar 03, 2022",$387M,"227 as on Feb 28, 2025","Series E, Jan 27, 2022, $210M"
88,Darwinbox,https://tracxn.com/d/companies/darwinbox/__ZCneLgVtiUmrHNSY4KraMosyXpf9MPS6bB1_9kIpQmk,"Darwinbox joined the Unicorn Club on Jan 25, 2022",,"Cloud-based suite solutions for HR management. The product modules include AI augmented workforce analytics, OCR and HR automation, payroll and talent management, employee engagement, onboarding, recruitment, expense management, rewards, and recognition, shift rostering, workflow and knowledge management and more. It also enables users to manage their time, attendance, leave, vacations, insights, payslips and more. It also offers employee data management and training resources such as documentation, live online sessions, videos, webinars, and in-person training.",2015,Hyderabad  ,India,Series D,HRTech,7 years,TCV,KKR,"?393Cr as on Mar 31, 2024","?8,410Cr as on Mar 12, 2025",$280M,"1,049 as on Jan 31, 2025","Series D, Mar 05, 2025, $140M"
87,LEAD School,https://tracxn.com/d/companies/lead-school/__oe2fP0y2p5mZsRCJMPA-zjkY8OB81N8chnQAbwrkRSM,"LEAD School joined the Unicorn Club on Jan 12, 2022 after raising a $101M Series E funding round led by , , valuing it at $1.13B.",WestBridge Capital,"Provider of a digital learning solutions for schools and teachers. The company provides a comprehensive digital learning platform designed to enhance the educational experience for students, teachers, and administrators. This includes curriculum resources, teacher training programs, and technological tools to support both in-school and at-home learning. The platform offers features such as student and class management systems, digital classrooms, and assessment tools. The company also supports teacher professional development through online academies and in-person workshops. The goal is to empower educators and improve student outcomes through technology-integrated learning.",2012,Mumbai  ,India,Series E,K-12 EdTech,10 years,WestBridge Capital,Standard Chartered,"?370Cr as on Mar 31, 2024","?9,070Cr as on Feb 09, 2024",$172M,"1,121 as on Mar 31, 2025","Series E, Jan 04, 2024, $1.14M"
86,Fractal Analytics,https://tracxn.com/d/companies/fractal-analytics/__F79MJo3SBJC1a817Xo1C4y6LFAxk7nRoG1bL5Qk5Pt0,"Fractal Analytics joined the Unicorn Club on Jan 05, 2022 after raising a $360M Series E funding round led by , valuing it at $1B.",TPG,"AI powered decision support and data analytics software for enterprises. It enables users to ask questions, and the AI generates answers based on user queries. The platform generates insights and summaries from the datasets. The platform allows users to analyze business data and generate insights for business decision making. Its offering includes forecasting, consumer insights, customer life cycle management, data engineering, MLops, image, and video analytics, and more. It caters its solution to industries such as finance, retail, healthcare, insurance, and more.",2000,New York City  ,United States,Series E,Business Intelligence,22 years,Natural Language Processing,Generative AI,"?2,040Cr as on Mar 31, 2023","$1B as on Jan 05, 2022",$685M,"4,070 as on Sep 30, 2024","Series E, Jan 05, 2022, $360M"
85,Mamaearth,https://tracxn.com/d/companies/mamaearth/__e9IhGi4vcWYMieVXmjjqGyG7HyDm3uSbrTRkGggsf9M,"Mamaearth joined the Unicorn Club on Dec 29, 2021",,"Online brand offering multi-category natural skin care and makeup products. It includes shampoos, conditioners, body lotions, face wash, body wash, moisturizers, lip balms, and more. It also offers baby care products and color cosmetics like lipsticks, lip balms, foundation, concealers, and more.",2016,Gurugram  ,India,Public,Beauty & Personal Care Products,5 years 11 months,Beauty Tech,Sofina,"?1,970Cr as on Mar 31, 2024",$89.4M,,"958 as on Feb 28, 2025","Angel, Sep 13, 2022, $755K"
84,GlobalBees,https://tracxn.com/d/companies/globalbees/__9KuW22FoOfUKIf6ZljAxgmF6bfOhza2YcdyWmFsv_iM,"GlobalBees joined the Unicorn Club on Dec 19, 2021",,Platform acquiring e-commerce brands. The company acquires and helps in brand growth across different consumer segments. The company evaluates the businesses and prepares their due diligence. They also have an online store offering fashion accessories and apparel.,2021,Delhi  ,India,Series B,Brands Tech,11 months,E-Commerce Enablers,ChrysCapital,"?20.8Cr as on Mar 31, 2024","?8,400Cr as on Dec 30, 2021",$186M,"230 as on Feb 28, 2025","Conventional Debt, Feb 06, 2024, $18.1M"
83,Pristyn Care,https://tracxn.com/d/companies/pristyn-care/__QEWxHLBugEsT_XwDFV-JrRNqtedJdqnyI8ro2b-OQf0,"Pristyn Care joined the Unicorn Club on Dec 07, 2021 after raising a $100M Series E funding round led by , ,  and  more, valuing it at $1.37B.",Tiger Global Management,Online platform to book appointments for in-person and virtual consultations. The platform enables users to book an appointment with a team of healthcare experts for in-person or remote consultation for various medical conditions. Users can also book slots for vaccination doses and can track appointments and other surgery-related details by using an app.,2018,Gurugram  ,India,Series E,Healthcare Booking Platforms,3 years 11 months,Sequoia Capital,Tiger Global Management,"?632Cr as on Mar 31, 2024","?10,500Cr as on Jun 05, 2024",$181M,"962 as on Feb 28, 2025","Series E, Dec 07, 2021, $100M"
82,slice,https://tracxn.com/d/companies/slice/__LbEhc2PUH7DQD8-Q4Qm4ZtTuXgWQcU679J2jsH1U_k4,"slice joined the Unicorn Club on Nov 29, 2021 after raising a $220M Series B funding round led by , , valuing it at $1B.",Tiger Global Management,"Provider of personal line of credits for consumers. It offers credit cards for bill payments, cash withdrawals, and online or offline purchases. It enables users to avail cash loans and make repayments in installments. It also provides an app based virtual credit card for online transactions. The application is available on iOS and Android devices.",2015,Guwahati  ,India,Series C,Payments,6 years 10 months,Insight Partners,Tiger Global Management,"?868Cr as on Mar 31, 2023","$1.8B as on Mar 08, 2023",$342M,"2,698 as on Mar 31, 2025","Conventional Debt, Jul 19, 2024, $7.77M"
81,Spinny,https://tracxn.com/d/companies/spinny/__XPTRjqAEv0ME2UC43GvO_tx0bNL9tbZO0XYHhRF0oWE,"Spinny joined the Unicorn Club on Nov 24, 2021 after raising a $283M Series E funding round led by , ,  and  more, valuing it at $1.73B.",Tiger Global Management,"Online platform for buying second hand cars. The platform allows sellers to schedule an inspection to sell the cars. It allows buyers to search for the preferred car through the platform and schedule a test drive. Users can buy and sell vehicles by providing location, user details, payment details, and more.",2015,Gurugram  ,India,Series E,Auto E-Commerce & Content,6 years 10 months,Auto Retail & Aftersales,Norwest Venture Partners,"?3,820Cr as on Mar 31, 2024","?9,120Cr as on Apr 02, 2025",$631M,"5,084 as on Feb 28, 2025","Series E, Mar 13, 2025, $110M"
80,NoBroker,https://tracxn.com/d/companies/nobroker/__P5szSU2_yUD6zK8XvpxxDC27tnywWrQ0ruK7T7Uy3xE,"NoBroker joined the Unicorn Club on Nov 23, 2021 after raising a $210M Series E funding round led by , , , valuing it at $1.02B.",General Atlantic,"Real estate technology company that provides a marketplace for buying and renting properties. It is a real estate technology company that provides online platforms for buying, selling, and renting residential properties. The company offers a range of services, including online property listings, rental management, and payment solutions, generate rent receipts and more.",2013,Bengaluru  ,India,Series E,Residential Real Estate Tech,8 years 10 months,Commercial Real Estate Tech,KTB Ventures,"?683Cr as on Mar 31, 2023","?7,850Cr as on Mar 02, 2023",$368M,"5,901 as on Mar 31, 2025","Series E, Mar 01, 2023, $5M"
79,Mensa Brands,https://tracxn.com/d/companies/mensa-brands/__VAq21RnMKC4y--JpDulw70K2ZeEw-jB5V707ACBHI8k,"Mensa Brands joined the Unicorn Club on Nov 16, 2021",,"Crafts global health, wellness, and lifestyle brands for the digital age. This involves the creation and development of brands specifically tailored for digital platforms and consumer engagement strategies within those spaces. The focus is on building brands that resonate with target audiences in the health, wellness, and lifestyle sectors. The process encompasses all aspects of brand building, from initial concept and design to marketing and ongoing management. The goal is to establish brands that are both successful commercially and appealing to consumers.",2021,Bengaluru  ,India,Series B,E-Commerce Enablers,10 months,Brands Tech,Norwest Venture Partners,"?598Cr as on Mar 31, 2024","$967M as on Oct 16, 2024",$207M,"427 as on Oct 31, 2024","Angel, May 07, 2024, $802K"
78,Cult.fit,https://tracxn.com/d/companies/cult.fit/__-Wg3Ms2LDV2m_0_AEbIvAhRvY6C13zfasKWCh86DEW4,"Cult.fit joined the Unicorn Club on Nov 10, 2021 after raising a $180M Series F funding round led by , , valuing it at $1.64B.",Zomato,"Provider of fitness memberships encompassing group classes, gyms, and at-home workouts. It offers various membership tiers providing access to different combinations of in-person and virtual fitness options. These options include group fitness classes led by trainers, access to gyms with varying levels of equipment and amenities, and live at-home workout sessions. Memberships also incorporate access to sports activities such as badminton and swimming. The company also provides coaching programs focused on weight loss and wellness resources. The offerings aim to create a holistic fitness experience.",2016,Bengaluru  ,India,Series F,Employee Health IT,5 years 10 months,Fitness & Wellness Tech,Fitness and Wellness Chains,"?1,030Cr as on Mar 31, 2024","$1.47B as on May 06, 2024",$665M,"2,382 as on Mar 31, 2025","Series F, Oct 27, 2023, $10.2M"
77,MyGlamm,https://tracxn.com/d/companies/myglamm/__o9Zf4IQwfkMFDTCROgEfyczFpbA14aBRDkBlHz6IK00,"MyGlamm joined the Unicorn Club on Nov 09, 2021",,"Online store offering multi-category beauty products. The platform offers a range of products including shampoos, conditioners, hair oils, serums, shower gels, soaps, moisturizers, creams, body lotions, color cosmetics, and makeup accessories. The platform also offers hair tips, makeup tips, skincare tips and makeup tutorials. The mobile application is available for Android and iOS users.",2015,Mumbai  ,India,Series C,Beauty & Personal Care Products,6 years 10 months,Beauty Tech,Bessemer Venture Partners,"$100M as on Mar 18, 2021",$106M,,"411 as on Dec 31, 2024","Conventional Debt, Sep 28, 2021, $21M"
76,Upstox,https://tracxn.com/d/companies/upstox/__41x3SAyhVFyFAhgvwSxWQzI5JdqLGrTaA8XKWN37wcc,"Upstox joined the Unicorn Club on Nov 01, 2021",,"Online trading and investing solutions. It enables individuals to buy and sell various financial securities, including stocks, futures, options, commodities, and currencies, with a focus on simplicity and efficiency. The platform offers a range of services, including demat accounts, trading apps, and customer support. With a large user base in India, Upstox aims to democratize access to financial markets and provide a seamless trading experience.",2009,Mumbai  ,India,Series C,Investment Tech,12 years 10 months,Tiger Global Management,Innoven Capital,"?1,310Cr as on Mar 31, 2024","?23,800Cr as on Sep 20, 2022",$220M,"588 as on Feb 28, 2025","Series C, Sep 16, 2022"
75,ACKO,https://platform.tracxn.com/a/d/company/rRmyh3ZoXKXj2Mqr9t-MDPr2numRcYEBsFDduhwtQSo/acko.com,"ACKO joined the Unicorn Club on Oct 27, 2021 after raising a $255M Series D funding round led by , , , valuing it at $1.07B.",Intact Ventures,"Multi-category digital insurance and claim management solutions for individuals and businesses. Enables users to purchase, administer, and claim insurance. It provides insurance and quotes for automobiles, health, employees, group medical, third-party liability, electronic devices, and more. Offers solutions for vehicle paperwork management, claim processing, tracking of existing claims, pending challan information management, and more. Also provides micro insurance, insurance quotes, and savings solutions.",2016,Bengaluru  ,India,Series E,Internet First Insurance Platforms,5 years 9 months,Auto E-Commerce & Content,Insurance IT,"?11,900Cr as on Dec 14, 2023",$598M,,"28 as on Feb 28, 2025","Series E, May 25, 2023, $137M"
74,PharmEasy,https://tracxn.com/d/companies/pharmeasy/__2Q7StqoDSGQ8Zz-PWf1gE_FwmmBq4znWxGlACVQctZ4,"PharmEasy joined the Unicorn Club on Oct 19, 2021",,"Consumer healthcare platform offing a variety of healthcare products. It offers online access to a wide range of prescription and over-the-counter pharmaceuticals, diagnostics, and telehealth services. It also provide content and information on healthcare.",2015,Mumbai  ,India,Series F,Healthcare Booking Platforms,6 years 9 months,TPG,Temasek,"?104Cr as on Mar 31, 2024","$456M as on Dec 26, 2024",$688M,"481 as on Mar 31, 2025","Series F, May 10, 2022"
73,MobiKwik,https://tracxn.com/d/companies/mobikwik/__chMMGCjuxC0oRwidm592RrKV7pVhk_Z-6KrUjLVzA1M,"MobiKwik joined the Unicorn Club on Oct 12, 2021",,"Financial technology company that provides a mobile phone-based payment system and digital wallet payments. It is offering a range of services including bill payments, mobile recharges, bus ticket booking solutions, online shopping, electricity and gas bill payments, mobile and DTH recharges, online money transfers, gas and more.",2009,Gurugram  ,India,Public,Payments,12 years 9 months,ADIA,American Express Ventures,"?543Cr as on Mar 31, 2022",$284M,,"735 as on Dec 31, 2024","Conventional Debt, Mar 28, 2024, $6M"
72,CarDekho,https://tracxn.com/d/companies/cardekho/__LzK0OfbrfYhuQv5kJ1tcv2JyAc_lEZEdWNU137TRVeQ,"CarDekho joined the Unicorn Club on Oct 12, 2021",,"Online forum for car buyers to list old vehicles. Users can specify location, price, brand, and other details to purchase and sell cars. Users can also evaluate the features, specifications, and costs of vehicles on the road. The app is available for iOS and Android devices.",2008,Jaipur  ,India,Series C,Auto E-Commerce & Content,13 years 9 months,Auto Retail & Aftersales,Navis Capital Partners,"$1.2B as on Oct 13, 2021",$60M,,"2,387 as on Feb 28, 2025","Series C, Dec 11, 2024, $60M"
71,Rebel Foods,https://tracxn.com/d/companies/rebel-foods/__cjyo78a1ihN8rOBS4RjM2wrkvDig0GPc2K_EIN49VWI,"Rebel Foods joined the Unicorn Club on Oct 07, 2021",,"Provider of virtual restaurant network for food businesses. The company owns and operates a chain of restaurants. It offers an operating system of culinary innovation, robust supply chain, cooking equipment, patented machinery, and technology for food businesses to manage sales, and revenue.",2010,Mumbai  ,India,Series G,Food Tech,11 years 9 months,Goldman Sachs,KKR,"?13,800Cr as on Apr 21, 2025",$587M,,"6,753 as on Feb 28, 2025","Series G, Apr 22, 2025, $25M"
70,CoinSwitch,https://tracxn.com/d/companies/coinswitch/__bTfHHyDyVdekFCMVcpJGFj2emo7H1oeEP8EQcKiXR5E,"CoinSwitch joined the Unicorn Club on Oct 06, 2021 after raising a $260M Series C funding round led by , ,  and  more, valuing it at $1.91B.",a16z,"Provider of a cryptocurrency exchange platform and trading services. It offers spot and futures trading, API trading capabilities, and systematic investment plans. The platform facilitates crypto deposits and withdrawals. Additional services include a recovery program for users of other exchanges and investment tools such as SmartInvest. The platform prioritizes security, adhering to global standards and regulations.",2017,Bengaluru  ,India,Series C,Cryptocurrencies,4 years 9 months,Sequoia Capital,a16z,"$4.57M as on Mar 31, 2024","$1.91B as on Oct 06, 2021",$302M,"320 as on Jan 31, 2025","Series C, Oct 06, 2021, $260M"
69,Licious,https://tracxn.com/d/companies/licious/__LHekQjRPN_AOxwnNiMe3AcglLl39pCeJSEu6punNiFE,"Licious joined the Unicorn Club on Oct 05, 2021 after raising a $52M Series G funding round led by , .",Avendus,"Platform offering meat and seafood delivery. It offers a selection of chicken, mutton, seafood, marinades, and cold cuts. The company maintains a strict cold chain from procurement to delivery, ensuring product freshness. It charges only for the actual weight of meat received by the customer, after removing inedible parts.",2015,Bengaluru  ,India,Series G,Online Grocery,6 years 9 months,True North,Temasek,"?748Cr as on Mar 31, 2024","?12,100Cr as on Sep 21, 2023",$490M,,"Series G, Sep 21, 2023, $914K"
68,Vedantu,https://tracxn.com/d/companies/vedantu/__jrLUroips5-2o0-xzJxe9tR17nhmFFeccl9XfQ3CuLA,"Vedantu joined the Unicorn Club on Sep 29, 2021 after raising a $100M Series E funding round led by , , valuing it at $904M.",ImpactAssets,"Online education platform offering live classes and offline centers for K1 to K12 students. It offers live tutoring with two-way interaction via whiteboard, audio, and video for school curriculum and competitive exams. The subjects include coding, spoken english programs, mathematics, and more.",2011,Bengaluru  ,India,Series E,K-12 EdTech,10 years 8 months,Test Preparation Tech,WestBridge Capital,"?199Cr as on Mar 31, 2024","?7,650Cr as on Sep 12, 2024",$326M,"1,088 as on Feb 28, 2025","Series E, Sep 27, 2024, $209K"
67,Apna,https://tracxn.com/d/companies/apna/__UTcOz_R9Flutxq8RerYdtrlPxtxnXQAjcBTiXLgJon4,"Apna joined the Unicorn Club on Sep 16, 2021",,"Provider of a job platform connecting job seekers and employers. This platform facilitates the matching of candidates with suitable employment opportunities. It offers tools for job searching, resume building, and cover letter creation. The platform also provides resources for career development and job search strategies. Employers utilize the platform to post job openings and access a pool of potential candidates. The service aims to streamline the hiring process for businesses of all sizes.",2019,Bengaluru  ,India,Series C,HRTech,2 years 8 months,Maverick Ventures,Insight Partners,"$1.1B as on Sep 16, 2021",$194M,,"737 as on Feb 28, 2025","Series C, Sep 15, 2021, $100M"
66,MPL,https://tracxn.com/d/companies/mpl/__97ejAmkVLyEWMW-X4wicg8mah0j1DrmAPp4uIrG6UUg,"MPL joined the Unicorn Club on Sep 15, 2021 after raising a $157M Series E funding round led by , , valuing it at $2.18B.",Legatum,Online platform offering e-sports and real money casino gaming activities. It provides users with a platform that offers a range of games across different genres allowing players to compete against opponents and leaderboards to win cash prizes.,2018,Bengaluru  ,India,Series E,Sports Tech,3 years 8 months,eSports,Mobile Gaming,"?892Cr as on Mar 31, 2024","$2.19B as on Aug 21, 2023",$396M,"397 as on Oct 31, 2024","Series E, Aug 21, 2023, $2.61M"
65,Zetwerk,https://tracxn.com/d/companies/zetwerk/__n78BE94Qxh8Psc5IP7-rnqZUlQUUPeCPfBx6SfzpybQ,"Zetwerk joined the Unicorn Club on Aug 20, 2021",,"Provider of manufacturing services and supply chain management. It offers a wide array of manufacturing processes, including die casting, CNC machining, forging, and injection molding, serving diverse industries such as automotive, aerospace, and consumer products. It manages the entire manufacturing process, from design and prototyping to production and delivery, ensuring component delivery. Its network of manufacturing facilities and partners provides scalability and redundancy, mitigating supply chain disruptions. It utilizes proprietary software for project management, enhancing transparency and control throughout the manufacturing process.",2018,Bengaluru  ,India,Series F,B2B E-Commerce,3 years 7 months,Manufacturing Tech,Baillie Gifford,"?14,600Cr as on Mar 31, 2024","?25,400Cr as on Mar 21, 2025",$768M,"1,049 as on Oct 31, 2024","Series F, Dec 12, 2024, $70M"
64,Eruditus,https://tracxn.com/d/companies/eruditus/__WyGEGcGZyztDT9IrgRC_d5uZrzFgH7CPL6vRg1G0JyA,"Eruditus joined the Unicorn Club on Aug 12, 2021 after raising a $650M Series E funding round led by , , valuing it at $3.2B.",Accel,"Provider of executive-level programs for professionals. It offers programs for comprehensive management. It also provides a senior executive leadership program, an executive program in general management, and more. In addition, it also offers certificates for course completion.",2010,Singapore  ,Singapore,Series F,Continued Learning,11 years 7 months,CPP Investments,TPG,"$405M as on Jun 30, 2023","$3.1B as on Oct 18, 2024",$961M,,"Series F, Oct 18, 2024, $150M"
63,CoinDCX,https://tracxn.com/d/companies/coindcx/__F--po0QeTrBlGq1SJvFhmGtkg_ebhvwSk6xElIbjTG4,"CoinDCX joined the Unicorn Club on Aug 10, 2021",,"Developer of an app-based exchange platform for cryptocurrency. Its products include crypto deposit and withdrawal solutions, investing and trading solutions for crypto-based financial products for retail, HNI, and enterprise customers. Company exchange offers a variety of products, including fiat onboarding, decentralized lending, margin trading, and futures trading.",2018,Mumbai  ,India,Series D,Cryptocurrencies,3 years 7 months,Bain Capital Ventures,Jump Capital,"?394Cr as on Mar 31, 2024","$2.15B as on Apr 19, 2022",$247M,"103 as on Jan 31, 2025","Series D, Mar 29, 2022, $135M"
62,upGrad,https://platform.tracxn.com/a/d/company/-icjnE7vOBF4NySJBQRPK9S5VoPBxTAcTgrkx7epMNE/upgrad.com,"upGrad joined the Unicorn Club on Aug 09, 2021",,"Online education platform offering professional courses, certifications, and degree programs for working professionals, focusing on upskilling and reskilling in various fields.",2015,Mumbai  ,India,Series C,Continued Learning,6 years 7 months,IFC Asset Management Company,Temasek,"?1,550Cr as on Mar 31, 2024","?16,000Cr as on Nov 12, 2024",$329M,"8,090 as on Dec 31, 2024","Series C, Oct 21, 2024, $60M"
61,Mindtickle,https://tracxn.com/d/companies/mindtickle/__rcH04MysyJ9cdvsK3VL8NKlye5BD2niG8tAzh3hIJBE,"Mindtickle joined the Unicorn Club on Aug 05, 2021 after raising a $100M Series E funding round led by , valuing it at $1.2B.",SoftBank Vision Fund,"Cloud based sales enablement software. The platform leverages AI and provides sales training tools to assist sales representatives. It also offers features that include sales forecasting, sales content management, digital sales rooms, sales training, and more. It integrates with Salesforce, Okta, OneLogin, Ping Identity, Symplified, Active Directory, Veeva, Google, and more.",2011,Pune  ,India,Series E,Sales Force Automation,10 years 7 months,New Enterprise Associates,Norwest Venture Partners,"?290Cr as on Mar 31, 2024","$1.2B as on Aug 05, 2021",$281M,"474 as on Oct 31, 2024","Series E, Aug 05, 2021, $100M"
60,OfBusiness,https://tracxn.com/d/companies/ofbusiness/__aGc6oWtIgdt0twhERclS3Tonc_PwAwpfQ4cNci53GvA,"OfBusiness joined the Unicorn Club on Jul 31, 2021 after raising a $160M Series E funding round led by , , , valuing it at $3.1B.",SoftBank Vision Fund,"Marketplace for trading multi-category industrial materials. It provides procurement solutions and offers products such as steel, TMT, metals, chemicals, polymers, textiles, cement, and building materials.",2015,Ahmedabad  ,India,Series G,B2B E-Commerce,6 years 6 months,Construction Tech,Materials Tech,"?23,900Cr as on Oct 31, 2024",$776M,,"866 as on Feb 28, 2025","Series G, Apr 16, 2025, $11.7M"
59,BharatPe,https://tracxn.com/d/companies/bharatpe/__z1vktwhUhiN982R6xgMSEhyBS3Djtq3VGo9zdUy6agg,"BharatPe joined the Unicorn Club on Jul 29, 2021 after raising a $370M Series E funding round led by , valuing it at $2.7B.",Tiger Global Management,"Provider of QR code-based payment solutions for consumers and businesses. The platform allows users to pay through the bank account by scanning a QR code for various bill payments such as restaurants, cabs, salons, mobile businesses, and more. It also provides lending and investment options. The application is available on both iOS and Android platforms.",2018,Delhi  ,India,Series E,Payments,3 years 6 months,Dragoneer Investment Group,Insight Partners,"?1,490Cr as on Mar 31, 2024","?20,100Cr as on Aug 18, 2021",$604M,"605 as on Oct 31, 2024","Conventional Debt, May 07, 2025, $15M"
58,Droom,https://tracxn.com/d/companies/droom/__r5sS3ynXQ8er90oa-rV4uFHhjph3IJkHzhWR8VuoiGU,"Droom joined the Unicorn Club on Jul 28, 2021 after raising a $200M Series G funding round, valuing it at $1.2B.",,"AI-powered used vehicle dealer. Users can buy and sell vehicles by providing location, user details, payment details, model details, specification, and more.",2014,Gurugram  ,India,Series G,Auto E-Commerce & Content,7 years 6 months,Auto Retail & Aftersales,Digital Garage,"?90Cr as on Mar 31, 2024","?3,100Cr as on Mar 28, 2025",$344M,"139 as on Feb 28, 2025","Series G, Mar 26, 2025, $3M"
57,BlackBuck,https://tracxn.com/d/companies/blackbuck/__pGeKFczovG7i2k2FPCkvn_wBu6rdS4sZ4lHkQ4HZB1s,"BlackBuck joined the Unicorn Club on Jul 22, 2021",,"A digital trucking platform that connects fleet operators with truckers. It offers services such as load management, GPS tracking, and fuel management solutions. The company offers a range of services, including load-matching, payment at toll booths and fuelling stations, and telematics solutions to track vehicle movement. It connects shippers with fleet operators to locate the trucks, and ship the goods. Features include online payments, transactions history, loading, and unloading details, checking order status, and resolving disputes.",2015,Bengaluru  ,India,Public,Logistics Tech,6 years 6 months,Wellington,Goldman Sachs,"?317Cr as on Mar 31, 2024",$359M,,"1,608 as on Feb 28, 2025","Conventional Debt, Jul 18, 2022"
56,Blinkit,https://tracxn.com/d/companies/blinkit/__pdyjeRJO4F9T4bszwNqvwPQ3VwyVU6D35oAU-ct-k9M,"Blinkit joined the Unicorn Club on Jun 30, 2021",,"Online platform offering ultra-fast grocery supply delivery. The product catalog includes fruits, vegetables, bakery supplies, dairy products, snacks, spices, beverages, and more. It also offers personal care, household care, baby care, pet care, stationery, toys, books, and more. The mobile applications is available for both Android and iOS platforms.",2013,Gurugram  ,India,Acquired,Online Grocery,8 years 5 months,KTB Ventures,SoftBank Group,"?1,930Cr as on Mar 31, 2024","$13B as on Apr 26, 2024",$757M,"5,054 as on Dec 31, 2024","Conventional Debt, Mar 11, 2022, $150M"
55,BrowserStack,https://tracxn.com/d/companies/browserstack/__D8HrmxNe4vnJscJsUqnGKhH61Pk58v_vEq4lD2_1S7Q,"BrowserStack joined the Unicorn Club on Jun 16, 2021 after raising a $200M Series B funding round led by , valuing it at $4B.",Bond Capital,"Cloud based suite of software testing solutions. It enables developers to test websites and applications across browsers. It allows users to debug and resolve the software issues. It automates tests without coding. It allows users to track metrics and visualize the testing trends. It integrates with CI and CD tools to trigger test runs. The product offering includes test management, test observability, accessibility testing, bug capture, and more.",2011,Mumbai  ,India,Series B,Software Testing Tools,10 years 5 months,345 Partners,Accel,"?682Cr as on Mar 31, 2024","$4B as on Jun 20, 2021",$253M,"1,153 as on Dec 31, 2024","Series B, Jun 16, 2021, $200M"
54,Zeta,https://tracxn.com/d/companies/zeta/__BIQS1R54gpLBM5yisW_NwOI1xObGUSxqcodKR18NOfs,"Zeta joined the Unicorn Club on May 24, 2021 after raising a $250M Series C funding round led by , valuing it at $1.45B.",SoftBank Vision Fund,"Provider of payment and banking solutions. It provides users with solutions for payment from vendors, employee payment management, and payment collection from clients and consumers. It also offers multiple solutions for banks such as card issuance systems, payment authentication systems, virtual cards, wallets, and others. Available on both Android and iOS devices.",2015,Bengaluru  ,India,Series D,Banking Tech,6 years 4 months,Savano Capital Partners,Avendus,"$36.8M as on Mar 31, 2023","$2B as on Feb 11, 2025",$390M,"1,278 as on Oct 31, 2024","Series D, Feb 11, 2025, $50M"
53,Moglix,https://tracxn.com/d/companies/moglix/__mPiyNgv49CkpTLWYrZKV5-ezlJPQVKF38KWAWqRyrVA,"Moglix joined the Unicorn Club on May 17, 2021 after raising a $120M Series E funding round led by , , .",Harvard Management Company,"B2B marketplace platform offering multi-category peoducts. Its product offering includes power tools, hand tools, adhesives, foot protection, spanners, drills, screwdrivers, CCTV cameras, screws, sockets, switches, circuit breakers, and more. It also offers medical, lab, office supplies, automotive supplies, garden products, and more.",2015,Singapore  ,Singapore,Series F,B2B E-Commerce,6 years 4 months,Construction Tech,IFC,"?4,140Cr as on Mar 31, 2023","$2.51B as on Feb 07, 2022",$471M,"4,166 as on Oct 31, 2024","Series F, Jan 25, 2022, $250M"
52,Urban Company,https://tracxn.com/d/companies/urban-company/__klvROduBoJz1qAN0zIxDE3VmuQQS-pWfSJtuBmVwxvg,"Urban Company joined the Unicorn Club on Apr 27, 2021 after raising a $190M Series F funding round led by , ,  and  more, valuing it at $2.16B.",Wellington,"App-based platform providing multiple local services. The application allows users to find and book multiple local services including beauty, wellness, home repair, yoga training, cleaning, pest control, and more. It allows users to book services from homes by making an online payment.",2014,Gurugram  ,India,Series F,Local Services,7 years 3 months,Wellington,Bessemer Venture Partners,"?928Cr as on Mar 31, 2024","?20,000Cr as on Jun 29, 2022",$376M,"1,079 as on Jan 31, 2025","Angel, Jun 29, 2022, $144K"
51,Chargebee,https://tracxn.com/d/companies/chargebee/__BPrZNCgq7p4QlUOHm-OFdGko9AhnAicF205ozg_SSec,"Chargebee joined the Unicorn Club on Apr 20, 2021 after raising a $125M Series G funding round led by , , , valuing it at $1.4B.",Insight Partners,"Cloud-based billing and revenue management solutions. It features solutions for automated recurring bills including tax management, quotation and invoicing enterprise billing, and more. It also offers subscription management through price modeling, trial management, product catalogs, revenue operations, SaaS analytics, revenue recognition, quote-to-cash, and more.",2011,Bethesda  ,United States,Series H,Finance & Accounting Tech,10 years 3 months,Sapphire Ventures,G Squared,"?373Cr as on Mar 31, 2024","$3.5B as on Feb 01, 2022",$475M,"751 as on Dec 31, 2024","Series H, Mar 08, 2024, $5M"
50,ShareChat,https://tracxn.com/d/companies/sharechat/__E42I3Y5cU2vz9l6t9tplZlRsoRYKhc3Dr-7rpp7IxBc,"ShareChat joined the Unicorn Club on Apr 08, 2021",,"App-based social network platform for sharing media content. It provides users with a platform that allows users to share content in various languages. It features news, daily horoscopes, poetry, government job notifications, and microgaming content. It includes shake-and-chat features to connect users engaging with content from similar genres, private messaging, and open tagging. It is available for Android and iOS devices.",2015,Bengaluru  ,India,Series H,Vernacular Platforms,6 years 3 months,Social Platforms,HarbourVest Partners,"$1.5B as on Dec 20, 2023",$1.23B,,"589 as on Nov 30, 2024","Conventional Debt, Aug 03, 2024, $16M"
49,Gupshup,https://tracxn.com/d/companies/gupshup/__hizFYlw9lsz9JCJZutuRtQ1dHHUknFyP73hc7TIyw3E,"Gupshup joined the Unicorn Club on Apr 08, 2021 after raising a $100M Series F funding round led by , valuing it at $1.4B.",Tiger Global Management,"AI powered customer engagement and support platform for businesses. The platform automates customer acquisition using AI agents. It enables customers to engage with AI agents and build campaigns based on preferences and sales. It offers a conversational commerce tool that allows businesses to re-engage with prospects to complete the sales. The platform offers voicebots and chatbots to engage and resolve customer queries. It caters its solution to industries such as BFSI, retail, healthcare, and more.",2004,San Francisco  ,United States,Series F,Chatbots,17 years 3 months,Customer Success Management,MarketingTech,"?1,620Cr as on Mar 31, 2023","$500M as on Aug 30, 2024",$484M,"1,135 as on Feb 28, 2025","Series F, May 20, 2022, $100M"
48,Groww,https://tracxn.com/d/companies/groww/__RNjMla5lf9PtfAi0BQThRYPSUOlfois16LTDlezr_6E,"Groww joined the Unicorn Club on Apr 07, 2021 after raising a $83M Series D funding round led by , valuing it at $1B.",Tiger Global Management,"Provider of online investment platforms for stocks, mutual funds and derivatives. It offers an account opening process and tools for portfolio management. The platform facilitates investments in various asset classes, including equities, mutual funds, and derivatives. Users can utilize technical analysis charts and other resources to make investment decisions. It also provides access to educational resources and investment calculators.",2016,Bengaluru  ,India,Series E,Investment Tech,5 years 3 months,Iconiq Capital,Tiger Global Management,"?42.1L as on Mar 31, 2024","$6.8B as on Mar 26, 2025",$393M,"945 as on Feb 28, 2025","Angel, Jan 08, 2022"
47,CRED,https://tracxn.com/d/companies/cred/__XH8YJr346Ojjmnmyfg6WayMKrLBc4hgzZ3qN258QxVg,"CRED joined the Unicorn Club on Apr 06, 2021 after raising a $215M Series D funding round led by , , , valuing it at $2.13B.",Coatue,"Provider of reward enabled payment platform for credit card bills. It is an app based solutions that allow credit card users to pay the bills and earn cred coins, which can be redeemed for prizes from partner companies. It supports managing different credit cards, monitoring of credit scores, and the use of calculators for home loans, EMIs, PPFs, and other financial products.",2018,Bengaluru  ,India,Series F,Payments,3 years 3 months,GIC,Sofina,"?1,480Cr as on Mar 31, 2023","$6.4B as on Jun 23, 2023",$867M,"912 as on Jan 31, 2025","Series F, Jul 24, 2024"
46,Meesho,https://tracxn.com/d/companies/meesho/__h-YKqJF0c073ZI2SvdQHHV1gDZKoXmD-Nlk5gSZPn6c,"Meesho joined the Unicorn Club on Apr 05, 2021",,"Online marketplace offering multi-category products. It offers a selection of products across numerous categories, including apparel for men and women, accessories, footwear, beauty products, baby care items, home decor, kitchenware, and electronics. The platform facilitates the sale of these products through a network of suppliers. It provides various payment options and a return policy. The marketplace provides small businesses, including SMBs, MSMEs, and individual entrepreneurs, access to customers, with a selection from different categories, logistics, payment services, and customer support capabilities to run their businesses within the ecosystem.",2015,Bengaluru  ,India,Series F,Horizontal E-Commerce,6 years 3 months,WestBridge Capital,Fidelity Investments,"?9.39Cr as on Mar 31, 2024","$3.9B as on Mar 25, 2024",$1.36B,"1,588 as on Sep 30, 2024","Series F, Jan 27, 2025"
45,Five Star Business Finance,https://tracxn.com/d/companies/five-star-business-finance/__b3wqVLd_qYjlcEC_TcjBcL2dHFkx5PH5fjJy8Xkwnuo,"Five Star Business Finance joined the Unicorn Club on Mar 26, 2021 after raising a $234M Series D funding round led by , ,  and  more, valuing it at $1.4B.",KKR,"Provider of consumer and business loans. It offers loans for SMEs, mortgage loans, and more. It provides simple documentation, long tenure, flexible transactions.",1984,Chennai  ,India,Public,Consumer and SME Loans,37 years 2 months,TPG,KKR,"?2,200Cr as on Mar 31, 2024",$522M,,"10,774 as on Sep 30, 2024","Conventional Debt, Mar 29, 2022, $20M"
44,Infra.Market,https://tracxn.com/d/companies/infra.market/__NMh-JcHibTF9eHx_LVnZuiTWDzKeezOW43kl2dLzODw,"Infra.Market joined the Unicorn Club on Feb 25, 2021 after raising a $107M Series C funding round led by , ,  and  more, valuing it at $931M.",Tiger Global Management,"B2B platform offering building materials. The platform enables users to search materials such as cement, ready-mix concrete, steel, construction chemicals, and more.",2016,Thane  ,India,Series F,Construction Tech,5 years 1 month,B2B E-Commerce,Accel,"?14,700Cr as on Mar 31, 2024","?23,800Cr as on Mar 31, 2025",$592M,"813 as on Feb 28, 2025","Series F, Jan 03, 2025, $121M"
43,Innovaccer,https://tracxn.com/d/companies/innovaccer/__kvvAjPIPvTlVwOCbNE3GkPNS2Tz7KWqwz_0u2KIOmaA,"Innovaccer joined the Unicorn Club on Feb 24, 2021",,"Cloud-based data analytics platform for healthcare providers and payers. It offers data activation platform, accelerators, developer portal, and workflow solutions to enhance patient care, reduce costs, and improve outcomes in the healthcare industry. It offer tools such as industry benchmarking tools, desktop apps for patient care, and digital maturity assessment tools.",2014,San Francisco  ,United States,Series F,Healthcare Payer Tech,7 years 1 month,Healthcare IT,WestBridge Capital,"?354Cr as on Mar 31, 2024",$2.13B - $4.06B,$675M,"1,003 as on Sep 30, 2024","Series F, Jan 09, 2025"
42,Digit Insurance,https://tracxn.com/d/companies/digit-insurance/__Ah7sh_Cuf9aFm-WYS4puNLUR6m656TT1_bCrFGrvzYw,"Digit Insurance joined the Unicorn Club on Jan 15, 2021 after raising a $21.7M Series C funding round led by , , , valuing it at $1.95B.",TVS Capital Funds,"Provider of app-based insurance platform for individuals. The platform offers auto, health, travel, and flight delay insurance. Its features include a digital consultant tool to help pick the insurance coverage for the business and a home loan EMI calculator. It offers claims processing services. It offers solutions to agents to offer insurance services to customers.",2016,Bengaluru  ,India,Public,Internet First Insurance Platforms,5 years,Fairfax Financial Holdings,TVS Capital Funds,"?8,440Cr as on Mar 31, 2024",$467M,,"9,171 as on Jan 31, 2025","Series D, May 04, 2022, $54.5M"
41,VerSe,https://tracxn.com/d/companies/verse/__-RHXs5ACYl1riLKNMgCB1WUoRVvjNQ4VW5BWBd74jgo,"VerSe joined the Unicorn Club on Dec 22, 2020",,Developer of a short-video platform and technology infrastructure. This platform supports content consumption in local languages and provides a creator program to foster content creation. The technology powers a large user base and offers tools for influencers to build their presence. The company also develops and supports associated applications and services.,2007,Bengaluru  ,India,Series J,Vernacular Platforms,13 years 11 months,Social Platforms,Internet First Media,"?1,260Cr as on Mar 31, 2024","$2.9B as on Aug 30, 2024",$2.01B,"696 as on Feb 28, 2025","Conventional Debt, Feb 07, 2024, $6.02M"
40,Glance,https://tracxn.com/d/companies/glance/__CU-kDG_m28J_q1LI9-DP9IUtpvHGwHOeZSse2fnmm7M,"Glance joined the Unicorn Club on Dec 22, 2020 after raising a $145M Series B funding round led by , valuing it at $1B.",Google,"Provides mobile lock screen content management & advertising solutions. It allows users to manage displays on their mobiles to manage news, movies, travel, sports, food, games, and more. It helps users to impress friends, and family and manage the content of user interests in vernacular languages. It is available on Android platforms.",2019,Bengaluru  ,India,Series D,Mobile Utility Tools,1 year 11 months,Vernacular Platforms,Mobile Advertising,"$73.1M as on Mar 31, 2024","$1.7B as on Feb 16, 2022",$390M,"738 as on Oct 31, 2023","Venture Debt, Mar 01, 2025"
39,Zenoti,https://tracxn.com/d/companies/zenoti/__Bz5bIWNqOAKX_1WXP4fYaD6cn7u13_IiBblInbceVxo,"Zenoti joined the Unicorn Club on Dec 15, 2020",,"Cloud-based business management software. The platform provides web-based and mobile application software for service industries such as spas, salons, medical spas, cosmetology clinics, and more. The software leverages artificial intelligence, predictive analytics, and communication tools to manage reporting and analytics, inventory management, marketing and employee management, payments, membership, campaign, and more. Its applications is available on Android and iOS platforms.",2010,Bellevue  ,United States,Series D,SME Business Management Software,10 years 11 months,Beauty Tech,Enterprise Resource Planning,"$1.5B as on Jun 07, 2021",$331M,,"787 as on Oct 31, 2024","Series D, Jun 02, 2021, $80M"
38,PhonePe,https://tracxn.com/d/companies/phonepe/__Q_bwai8dGFUHw7qQ0O_9HBGgHI0azxw3h1uNHorCzeY,"PhonePe joined the Unicorn Club on Dec 03, 2020",,"Card-linked wallet payment solution for consumers and businesses. It is a digital payments platform that enables users to make various transactions, including utility bill payments, DTH recharges, money transfers, investments, balance checks and shopping, through a single application. Users can create QR codes for transactions and payments with its assistance. Additionally, it offers merchants and companies alternatives for taking online payments.",2012,Bengaluru  ,India,Acquired,Payments,8 years 11 months,General Atlantic,TVS Capital Funds,"?5,720Cr as on Mar 31, 2024","?1,04,000Cr as on May 31, 2023",$1.01B,"910 as on Jan 31, 2025","Series D, Jan 19, 2023, $658M"
37,Cars24,https://tracxn.com/d/companies/cars24/__nv1zpB5cjDCzriqotpubfa4wzK4SkPSBejoJh2xV6NU,"Cars24 joined the Unicorn Club on Nov 24, 2020 after raising a $204M Series E funding round led by , valuing it at $1.02B.",DST Global,App based platform for buying second-hand cars.Auctions can be conducted through the app for vehicles by allowing partnered traders to bid on the vehicle. App is available for iOS and Android devices.,2015,Gurugram  ,India,Series G,Auto E-Commerce & Content,5 years 10 months,Auto Retail & Aftersales,SoftBank Group,"?6,980Cr as on Mar 31, 2024","$3.23B as on Feb 21, 2022",$1.08B,"2,473 as on Jun 30, 2023","Series G, Dec 20, 2021, $329M"
36,Eightfold,https://tracxn.com/d/companies/eightfold/__Od4V-9kHfBdB85DLrrTpQUWw8VZh_yPTJMIpXWVPMJ4,"Eightfold joined the Unicorn Club on Oct 27, 2020 after raising a $125M Series D funding round led by , valuing it at $1B.",General Catalyst,"Provider of AI powered talent intelligence platform. This platform helps organizations efficiently recruit talent, retain top performers, and facilitate upskilling/reskilling initiatives across the entire workforce. It uses AI to understand talent potential, enabling data-driven workforce decisions. The platform offers solutions for talent acquisition, management, workforce exchange, and resource management, automating tedious tasks and improving decision-making at every stage of the employee lifecycle. It leverages global talent data sets to provide comprehensive insights into skills and talent, facilitating precise candidate-job matching. The platform also includes features to support employee career development and internal mobility.",2016,Santa Clara  ,United States,Series E,HRTech,4 years 9 months,IVP,TriplePoint Capital,"?142Cr as on Mar 31, 2024","$2.1B as on Jun 11, 2021",$410M,"283 as on Dec 31, 2023","Series E, Jun 10, 2021, $220M"
35,Razorpay,https://tracxn.com/d/companies/razorpay/__ARWa67NVJPe3TC11rYSBnp-0zVHbDAze4xZvzRsZzAI,"Razorpay joined the Unicorn Club on Oct 12, 2020 after raising a $100M Series D funding round led by , , valuing it at $1B.",GIC,"Provider of online payment gateway solutions for businesses. It offers payment solutions, automated payroll, in-person payments, and banking services for businesses. It allows businesses to accept, process, and disburse payments through various methods, including credit cards, debit cards, net banking, UPI, and digital wallets. It offer tools such as detailed statistics on payments, settlements and refunds, real-time data and insights for informed business decisions, supports recurring payments and subscriptions for regular transactions and more.",2014,Bengaluru  ,India,Series F,Payments,6 years 9 months,TCV,GIC,"?2,500Cr as on Mar 31, 2024",$4.76B - $7.97B,$742M,"2,368 as on Feb 28, 2025","Series F, Dec 19, 2021, $375M"
34,Unacademy,https://tracxn.com/d/companies/unacademy/__0G2vYXFVvuwobqC9LI7LRpVtIoy28M44P8CP5er_j0I,"Unacademy joined the Unicorn Club on Sep 02, 2020 after raising a $153M Series F funding round led by , , valuing it at $1.36B.",SoftBank Vision Fund,"Provider of multi-disciplinary learning resources and test preparation solutions. It offers live courses for students and enables educators to create video courses on the platform. It provides courses for test preparation, academic subjects, language learning, and more. The app is available for Android and iOS users.",2015,Bengaluru  ,India,Series H,Test Preparation Tech,5 years 8 months,General Atlantic,Temasek,"?988Cr as on Mar 31, 2024","$3.44B as on Mar 11, 2022",$880M,"1,754 as on Jan 31, 2025","Series H, Aug 01, 2021, $440M"
33,Zerodha,https://tracxn.com/d/companies/zerodha/__Y4-fhCi16ZqSaeZkThbyWjKzwKenQDuplhlZ7wpglBU,"Zerodha joined the Unicorn Club on Jun 29, 2020",,"Broker-based online trading and investment platform. It enables users to trade and invest in stocks, futures, options, commodities, currencies, ETFs, mutual funds, and bonds, designed for both individual investors and traders. It offers equity investment opportunities, retail and institutional brokerage services, as well as currency and commodities trading. It features a trading interface with real-time market data, charts, and more, alongside an app for purchasing mutual funds and accessing stock market educational content. This tool is available on a subscription-based pricing model. It offers brokerage-free equity investments, retail, institutional broking, currencies, and commodities trading.",2010,Bengaluru  ,India,Unfunded,Investment Tech,10 years 5 months,,,"$3.6B as on Sep 28, 2023",,,,"1,228 as on Mar 31, 2025"
32,Postman,https://tracxn.com/d/companies/postman/__5xdlPCDqiJBrCfWaFC6jpq_1zwxQ_9rsAK3jz5bhWd4,"Postman joined the Unicorn Club on Jun 11, 2020 after raising a $150M Series C funding round led by , valuing it at $2B.",Insight Partners,"Cloud based API development and management platform. It is an API development platform that enables developers to create, test, and deploy APIs efficiently. It offers a suite of tools and features, including API documentation, testing, and collaboration capabilities, to streamline the API development process.",2014,San Francisco  ,United States,Series D,API Management,6 years 5 months,Battery Ventures,CRV,"$5.6B as on Aug 19, 2021",$434M,,"286 as on Oct 31, 2024","Series D, Aug 18, 2021, $225M"
31,OYO,https://tracxn.com/d/companies/oyo/__4WYOfbQ8dZW1qkRczPYOvhjiKi-yVahNF_FWeMXP0tk,"OYO joined the Unicorn Club on Apr 15, 2020",,"Provider of online accommodation booking marketplace platform. It enables users to book accommodations in multiple categories such as townhouse, vacation homes, corporate stays and resorts by selecting rooms and providing destination, user details, payment details, dates, and more. It allows accommodation owners to advertise and list their rooms.",2012,Gurugram  ,India,Series G,Online Travel,8 years 3 months,Fidelity Investments,Khazanah Nasional Berhad,"?5,540Cr as on Mar 31, 2024","?36,000Cr as on Jan 03, 2025",$3.47B,"1,191 as on Feb 28, 2025","Series G, Dec 15, 2024, $58.9M"
30,Nykaa,https://platform.tracxn.com/a/d/company/-59tZC6p92VwPkGlXqL93PZVYTnDE1lYLNIUU3Xuk0E/nykaa.com,"Nykaa joined the Unicorn Club on Mar 31, 2020 after raising a $24.7M Series E funding round led by , , valuing it at $1.34B.",Steadview,"Online marketplace offering multi-category products. The product catalog includes cosmetics, skincare, haircare, fragrance, health supplements, and more. The company also offers clothing, home improvement products, gadgets, and more. The mobile application is available for Android and iOS platforms.",2012,Mumbai  ,India,Public,Beauty Tech,8 years 2 months,Horizontal E-Commerce,TPG,"?6,420Cr as on Mar 31, 2024",$103M,,"4,201 as on Jan 31, 2025","Series E, Mar 31, 2020, $24.7M"
29,FirstCry,https://tracxn.com/d/companies/firstcry/__wxnuUelf_8xrCQ8tkzV6d7X9hJRVjE3j_vgLonFYgow,"FirstCry joined the Unicorn Club on Feb 07, 2020",,"Online retailer offering multi-category baby products. Its product catalog includes toys, diapers, apparel, footwear, gear, health supplements, infant formulas, feeding equipment, skincare, detergents, and more. Its mobile application is available on Android and iOS platforms.",2010,Pune  ,India,Public,Mom & Baby Care,10 years 1 month,ChrysCapital,New Enterprise Associates,$513M,"6,895 as on Sep 30, 2024",,,"Series E, Mar 27, 2021, $13.1M"
28,Pine Labs,https://tracxn.com/d/companies/pine-labs/__B_uT5mdkziCxRVGPrKBFMXE5NIJjBKHPWKDFLsjo4XQ,"Pine Labs joined the Unicorn Club on Jan 24, 2020 after raising a $85M Unattributed funding round led by , valuing it at $1.68B.",Mastercard,"Provider of diversified payment solutions for businesses and merchants. Its offering includes hardware and software-based payment terminals, point-of-sale financing, working capital loans, and more. It also provides a platform that accepts various payment methods, including debit and credit cards, BNPL, and e-wallets.",1998,Noida  ,India,Late Stage,Payments,22 years,Invesco Mutual Fund,Fidelity Investments,"?1,590Cr as on Mar 31, 2023","$2.28B as on Jul 01, 2022",$1.32B,"534 as on Nov 30, 2024","Unattributed, Jul 01, 2022, $2.2M"
27,Lenskart,https://tracxn.com/d/companies/lenskart/___iTt2Jy6JysARQorLJFwFL6n5oSjQQUWVYgxYO7EQpY,"Lenskart joined the Unicorn Club on Dec 20, 2019",,"Online brand offering eyewear for men, women and kids. The product catalog includes sunglasses, contact lenses, screen glasses, progressive glasses, and more from different brands. It also enables users to virtually try the glasses and home eye-test on the mobile application. The application is available on both iOS and Android platforms.",2010,Gurugram  ,India,Series I,Fashion Tech,9 years 11 months,ChrysCapital,TPG,"?5,610Cr as on Mar 31, 2024","$5.6B as on Nov 05, 2024",$1.08B,"41 as on Feb 28, 2025","Series I, Jul 21, 2023, $18.2M"
26,Rivigo,https://tracxn.com/d/companies/rivigo/__mRYa8e_VUFaS5UQkle-1TyIsReuwCXCZsbr23af_aqQ,"Rivigo joined the Unicorn Club on Sep 26, 2019 after raising a $4.9M Series E funding round led by .",KB Financial Group,"Online platform offering B2B logistics and trucking services. It networks truckers and shippers for the transportation of freight. It provides cold chain, partial truckload, full truckload, express, and 3PL shipments. It utilizes a driver relay model to provide relay trucking services. Users can book and track shipments online.",2014,Gurugram  ,India,Series H,Logistics Tech,5 years 8 months,Warburg Pincus,Bessemer Venture Partners,"?6.81Cr as on Mar 31, 2024","$30.2M as on Aug 03, 2022",$314M,"31 as on Nov 30, 2024","Series H, Aug 03, 2022, $2.03M"
25,Icertis,https://tracxn.com/d/companies/icertis/__OqW1f7Fcf6Ue7D7UGy6OBRv0PPqutOPzj3b48GO6gi0,"Icertis joined the Unicorn Club on Jul 17, 2019 after raising a $115M Series E funding round led by , , valuing it at $1B.",Greycroft,AI powered contract management platform. It leverages AI to automate the contract creation process. It allows users to review the contracts and provide insights into contract redlines. The platform allows users to analyze contract documents and generate insights to support the decision-making process and contract negotiations. The AI identifies contract attributes and clauses and matches it to the appropriate contract type.,2009,Bellevue  ,United States,Series F,Legal Tech,10 years 6 months,Cross Creek,Meritech,"$5B as on Jan 25, 2022",$497M,,"1,745 as on Oct 31, 2024","Series F, Mar 04, 2025, $50M"
24,CitiusTech,https://tracxn.com/d/companies/citiustech/__HhFBj0sChHMdFtqxu5wk0lkTB7vtkenQTaqqTrnc9GM,"CitiusTech joined the Unicorn Club on Jul 12, 2019",,"CitiusTech offers analytical solutions and technology services for healthcare providers. The company offers the products like BI-Clinical, the healthcare analytics platform of CitiusTech, offers capabilities for shared risk management, population health management, and care coordination; provides predictive analytics tools such as Readmission Management, Claim Analytics, Bundled Payments, Population Viewer, and Value-Based Purchasing; and Offers clinical, financial, operational and regulatory reporting. CQ-IQ, a cloud-hosted clinical rules engine that offers Clinical Quality Measures computation capabilities.",2005,Mumbai  ,India,Acquired,Healthcare IT,14 years 6 months,Bain Capital Private Equity,General Atlantic,"?3,550Cr as on Mar 31, 2024","$2.2B as on Mar 16, 2022",$1.07B,"5,369 as on Nov 30, 2024","PE, Oct 20, 2022, $960M"
23,Ola Electric,https://tracxn.com/d/companies/ola-electric/__6IJkJRdLTLqpbr0U9y9iAZUrtZVZC1HCfmjdnQe6edo,"Ola Electric joined the Unicorn Club on Jul 02, 2019 after raising a $267M Series B funding round led by , valuing it at $356M.",SoftBank,"Manufacturer of electric scooters and motorcycles. The company designs, manufactures, and sells a range of electric two-wheelers for personal and commercial use. These vehicles are offered in various models with differing performance specifications and price points. The company also provides related services such as maintenance and repair. A focus on technological innovation is evident in the design and manufacturing processes.",2017,Bengaluru  ,India,Public,Electric Vehicles,2 years 6 months,Temasek,SBI,"?5,240Cr as on Mar 31, 2024",$1B,,"10 as on Feb 28, 2025","Conventional Debt, Jun 12, 2024, $12M"
22,Druva,https://tracxn.com/d/companies/druva/__AJfABjHW0h9ZB_TZLXvdirNPQApkXQ1vrMeIOu2-dVk,"Druva joined the Unicorn Club on Jun 20, 2019",,"Cloud data platform offering data backup and protection solutions. It provides a suite of endpoint data management solutions for enterprises. Its flagship product offers an enterprise mobile workforce with backup, IT managed file sharing, data loss prevention along with data de deduplication, and rich analytics. It supports deployment in a public cloud, private cloud, or on premise. The solution manages and protects data across devices with features such as mobile backup, remote wipe, device encryption, geolocation, and more.",2008,Santa Clara  ,United States,Series H,Cybersecurity,11 years 5 months,IT Operations,Enterprise Storage,"$48.9M as on Mar 31, 2018","$2B as on Apr 19, 2021",$475M,"314 as on Dec 31, 2023","Series H, Apr 19, 2021, $147M"
21,Zoho,https://tracxn.com/d/companies/zoho/__nGqGUzgulP1GCqqp47DM8-6vVowKLM8i_NG31Xfiv2Q,"Zoho joined the Unicorn Club on Apr 20, 2019",,"Provider of enterprise collaboration and HR management solutions including diversified business softwares. It provides applications for businesses such as customer relationship management, form building, workplace management, marketing tool, sales map visualization, accounting management, and more. The features include project management, invoice generation, productivity tracking, electronic signature, visitors report tracking, appointment scheduling, HR process automation, recruitment and payroll processing, bug tracking, and more. The platform also offers a contract management tool to build, analyze, and manage legal contracts in real time. It is a tool available on the subscription based pricing model.",1996,Chennai  ,India,Unfunded,Sales Force Automation,23 years 3 months,Enterprise Collaboration,Customer Service Software,"?48,900Cr as on Dec 06, 2022",,,,"34,180 as on Jan 31, 2025"
20,Dream11,https://tracxn.com/d/companies/dream11/__1dAVn3JI_7QbZShc9kcJ2YGsdEGr8s3l1MZSoAbKF_A,"Dream11 joined the Unicorn Club on Apr 09, 2019",,"Online fantasy sports platform that allows users to create virtual teams of real sports players. It allows users to create the virtual team by selecting players using credits and joining the contest to play various sports including cricket, football and kabaddi and redeem rewards. It allows users to join public, private, head to head, or mega contests, including paid contests and practice contests.",2008,Mumbai  ,India,Series D,Sports Tech,11 years 3 months,Tencent,Multiples Alternate Asset Management,"?6,580Cr as on Mar 31, 2023","$8B as on Nov 26, 2021",$100M,"1,231 as on Feb 28, 2025","Series D, Sep 06, 2018, $100M"
19,Bigbasket,https://tracxn.com/d/companies/bigbasket/__lgBEzK2HajAJWbmAO0CnrQYnIPr1qailEUYRD4zGXVU,"Bigbasket joined the Unicorn Club on Mar 28, 2019 after raising a $151M Series F funding round led by , valuing it at $1.17B.",Mirae Asset Venture Investments,"Online retailer offering multi-category grocery products. The platform allows users to purchase products across various categories including fruits, vegetables, staples, baked products, snacks, beverages, meat, seafood, eggs, and more. It also provides personal care, baby care, electronics, pet care, home care products, and more. The mobile application is available on Android and iOS platforms.",2011,Bengaluru  ,India,Acquired,Online Grocery,8 years 2 months,Sands Capital Ventures,Bessemer Venture Partners,"?10,100Cr as on Mar 31, 2024","?22,400Cr as on Dec 23, 2022",$943M,"19,111 as on Feb 28, 2025","Series G, Dec 21, 2022, $200M"
18,Delhivery,https://tracxn.com/d/companies/delhivery/__es0yrPs6KbEBQ0r2g3HFqyrlbk3zkjh9HBLJotHMp10,"Delhivery joined the Unicorn Club on Mar 07, 2019",,"Integrated logistics provider offering parcel, warehousing, cross-border, and fulfillment services. It provides services to businesses and individuals. It is an integrated 3PL service provider and offers a comprehensive suite of solutions to clients across various industries. It enables logistics management, allowing clients to track their shipments and manage their delivery operations. Its solutions include last-mile delivery service, third-party and transit warehousing, reverse logistics, payment collection, vendor-to-warehouse and customer shipping, and more.",2011,Gurugram  ,India,Public,Logistics Tech,8 years 2 months,E-Commerce Enablers,CPP Investments,"?8,590Cr as on Mar 31, 2024",$1.25B,,"24,590 as on Feb 28, 2025","Series H, Dec 08, 2021, $98.8M"
17,BillDesk,https://tracxn.com/d/companies/billdesk/__JJVwLlDrnFB-k_4gcDskewWFbd-BgdK20h9Otpmko48,"BillDesk joined the Unicorn Club on Nov 16, 2018",,"Provider of an online payment gateway platform. It is a provider of integrated payment solutions, enabling customers to make recurring payments across various platforms. The company's technology platform facilitates transactions, utilizing digital payment modes such as Cards, eNACH, and UPI AutoPay. It provides users with various payment solutions to businesses such as online payments, international payments, tokenization, recurring payments, biller network solutions, payment aggregator, and more.",2000,Mumbai  ,India,Series D,Payments,18 years 10 months,General Atlantic,Temasek,"?2,770Cr as on Mar 31, 2023","?11,400Cr as on Feb 15, 2019",$186M,"749 as on Feb 28, 2025","Series D, Jan 17, 2019, $84.8M"
16,Udaan,https://tracxn.com/d/companies/udaan/__dqg_mEy88BVRHGJGLspfldbOffAPjD1ia0HEcVfN0oo,"Udaan joined the Unicorn Club on Sep 03, 2018 after raising a $225M Series C funding round led by , , valuing it at $1.02B.",DST Global Solutions,"Online B2B marketplace offering multi-category products. It enables retailers and businesses to discover and buy products such as groceries, baby care products, hardware tools, sports equipment, electronics, clothing, fashion accessories, home furnishing products, medicines, and more. Its mobile app is available for Android and iOS users.",2016,Bengaluru  ,India,Series G,B2B E-Commerce,2 years 8 months,Nomura,Catamaran,"?346Cr as on Mar 31, 2024","$1.8B as on Jan 16, 2024",$1.95B,"1,928 as on Feb 28, 2025","Series G, Feb 17, 2025, $75M"
15,Freshworks,https://tracxn.com/d/companies/freshworks/__sdAZPpDewSJI0KHSB8Kbvoh4RqMCxNc5877OX-oMnfI,"Freshworks joined the Unicorn Club on Jul 31, 2018",,"Cloud-based business process management suite solutions. The product portfolio includes customer support, IT service management, chat application, sales CRM, project management, recruitment management, employee engagement, enterprise automation, and collaboration, and more. It provides AI solutions for multi functional features and sectors.",2010,San Mateo  ,United States,Public,Customer Service Software,8 years 6 months,Sales Force Automation,MarketingTech,"$720M as on Dec 31, 2024",$499M,,"4,400 as on Dec 31, 2024","Series H, Nov 04, 2019, $250M"
14,Policybazaar,https://tracxn.com/d/companies/policybazaar/__w_YD6d9wENS1XXRCs2QJrAThOj36deuCPtZS4GvVByo,"Policybazaar joined the Unicorn Club on Jun 25, 2018",,"Online platform for insurance buyers in India, offering a wide range of life insurance and general insurance plans.",2008,Gurugram  ,India,Late Stage,Internet First Insurance Platforms,10 years 5 months,Premji Invest,Burman Family Holdings,"?3,820Cr as on Mar 31, 2024","22,635 as on Feb 28, 2025",,,"Post IPO, Oct 14, 2017, $7.69M"
13,Swiggy,https://tracxn.com/d/companies/swiggy/__8L46lNfjqGM9DHz7xSR4zs7iWwa57QNKLZaVbfNa3T4,"Swiggy joined the Unicorn Club on Jun 20, 2018 after raising a $210M Series G funding round led by , , valuing it at $1.26B.",DST Global,"Online platform for food ordering, grocery and parcel delivery. It is an online platform that offers food and grocery delivery services, partnering with restaurants and stores. It also provides table booking services through dineout.The platform enables users to discover restaurants, dine in, and order food. It allows users to order groceries such as fruits, vegetables, beverages, meat, seafood, and more. It also allows users to deliver parcels for different locations.",2014,Bengaluru  ,India,Public,Logistics Tech,4 years 5 months,Food Tech,Online Grocery,"?11,600Cr as on Mar 31, 2024",$3.62B,,"4,658 as on Mar 31, 2025","Series K, Aug 28, 2024"
12,BYJU'S,https://tracxn.com/d/companies/byjus/__l-UnVupvS_w3V4YkX2Ybg0GZinK5n5EeyxDd_1v-olI,"BYJU'S joined the Unicorn Club on Mar 14, 2018",,"Online learning platform offering educational programs and resources for students. It is an online learning platform that provides learning programs and classes for students of various ages and grades. The company offers personalized learning experiences through video lessons and content, catering to students diverse learning needs. It also provides school-based courses for students. It offers tailored learning experiences through engaging video lessons and individualized study plans. It also offers live online classes, allowing students to interact with teachers and receive doubt resolution.",2011,Bengaluru  ,India,Series F,K-12 EdTech,7 years 2 months,Test Preparation Tech,CPP Investments,"$120M as on Jun 04, 2024",$4.45B,,"4 as on Aug 31, 2024","Conventional Debt, May 12, 2023, $250M"
11,Paytm Mall,https://tracxn.com/d/companies/paytm-mall/__MEdzyZlE9aEww3uOsx7z4Q_Rx3KH5mr1l4aDZG2c0ng,"Paytm Mall joined the Unicorn Club on Mar 09, 2018 after raising a $453M Series E funding round led by , valuing it at $2.11B.",SoftBank Group,"App-based marketplace offering multi-category consumer products. The product catalog includes electronics, beauty, personal care products, fashion, home improvements, two-wheelers, books, and more. The mobile application is available for Android and iOS users.",2017,Bengaluru  ,India,Series E,Horizontal E-Commerce,1 year 2 months,Sapphire Ventures,SVB,"?154Cr as on Mar 31, 2024","$13M as on May 17, 2022",$817M,"541 as on Jan 31, 2025","Series E, Jul 17, 2019, $164M"
10,Zomato,https://tracxn.com/d/companies/zomato/__2jvEgmeJIRXZfZMrgik_9SLb8Bjtadw7dzpFRneP1u0,"Zomato joined the Unicorn Club on Feb 01, 2018 after raising a $152M Series H funding round led by , valuing it at $1.02B.",Ant Group,"Online food discovery and ordering platform from local restaurants. It is a digital marketplace platform providing users with information, menus, and reviews of restaurants and eatery establishments including food delivery options, to facilitate dining experiences and online ordering. It offers an interface and allows restaurants to register on the website with features such as menu building, manage cuisines and location and more.",2008,Gurugram  ,India,Public,Food Tech,10 years 1 month,Fidelity Investments,Temasek,"?13,000Cr as on Mar 31, 2024",$1.69B,,"7,536 as on Jan 31, 2025","Post IPO, Nov 28, 2024, $1B"
9,Hike,https://tracxn.com/d/companies/hike/__qZyenG-GGG8gCFLZuEJ0cfK393HZOWOoJ-KnY2gcV8Y,"Hike joined the Unicorn Club on Aug 16, 2016 after raising a $175M Series D funding round led by , , valuing it at $1.4B.",Tencent,"Provider of a blockchain-based mobile gaming platform. The company is building Rush gaming universe mobile-only blockchain gaming platforms where players can use their skills to play, compete & win. Also, it offers a social platform for messaging, sharing, gaming, and crypto.",2012,Delhi  ,India,Series D,Mobile Gaming,4 years 7 months,Non Fungible Tokens,Foxconn Electronics,"$46.8M as on Mar 31, 2024","$1.4B as on Aug 17, 2016",$261M,,"Series D, May 06, 2022"
8,ShopClues,https://tracxn.com/d/companies/shopclues/__dF72btJYN1S10jOHOtXSDZcZwjDLLWGDSc1a1IQ1WPo,"ShopClues joined the Unicorn Club on Jan 12, 2016 after raising a $100M Series E funding round led by , valuing it at $1.1B.",GIC,"Online marketplace offering multi-category products. The product catalog includes watches, electronics, sculpture items, apparel, sports products, essentials, home & kitchen products, etc. Its mobile app is available for Android and iOS users.",2011,Gurugram  ,India,Acquired,Horizontal E-Commerce,5 years,GIC,Helion Venture Partners,"?37Cr as on Mar 31, 2024","$1B as on Nov 02, 2019",$249M,"193 as on Jun 30, 2024","Series E, Aug 10, 2018, $16.7M"
7,Ola,https://tracxn.com/d/companies/ola/__gkN0nw281AHWczks0OC6Qtu9CaT5eKfi0EXq6bAc_Ik,"Ola joined the Unicorn Club on Nov 18, 2015",,"App-based personal transportation booking platform. Users can book transportation services by providing pick-up point, drop-off point, payment details, and more. The platform provides various rides including cars, auto-rickshaws, two-wheelers, and more. The app is available for both Android and iOS devices.",2010,Bengaluru  ,India,Series J,Road Transport Tech,5 years 10 months,HBM Partners,Odenn Ventures,"?2,200Cr as on Mar 31, 2024","$2B as on Nov 04, 2024",$3.84B,"538 as on Jan 31, 2025","Series J, Feb 22, 2022, $20M"
6,Paytm,https://tracxn.com/d/companies/paytm/__fX4oqtQT22EtlxMtcmif3tdSbDtGsDBMOclMMnK_dvE,"Paytm joined the Unicorn Club on Sep 29, 2015 after raising a $480M Series E funding round led by , , valuing it at $2.44B.",Alibaba Group,"Wallet-enabled payment processing solution for individuals and businesses. It provides a web-based and mobile-based platform for mobile recharge, money transfer, bill payments, travel bookings, hotel, and ticket booking, and more. It also offers business and consumer payment solutions with billing software, POS software and more. It also offers a platform for online shopping of multi-category consumer products. The application is available for both Android and iOS platforms.",2000,Noida  ,India,Public,Payments,15 years 8 months,Berkshire Hathaway,T. Rowe Price,"?10,500Cr as on Mar 31, 2024",$3.48B,,"5 as on Feb 28, 2025","Angel, Nov 20, 2020, $1.26M"
5,Quikr,https://tracxn.com/d/companies/quikr/__DlO73-LbqzNNqq2uLwbBg70QBRvDvT9x8CwYyrDihRI,"Quikr joined the Unicorn Club on Apr 07, 2015 after raising a $150M Series H funding round led by , , , valuing it at $1B.",Steadview,"Online classifieds portal for multi-category second-hand products. It enables customers to sell, buy, rent goods and services on the platform. It offers clothes, antique furniture, used books, retro games, electronics, pre-owned cars, and more. It offers mobile applications for Android and iOS platforms. Its platform features include chatting with sellers directly to negotiate, manage and edit ads, personalized alerts and recommendations, and more.",2008,Bengaluru  ,India,Series H,Horizontal E-Commerce,7 years 3 months,Warburg Pincus,NGP Capital,"?53.4Cr as on Mar 31, 2023","$566M as on Feb 19, 2020",$370M,"74 as on Feb 28, 2025","Angel, Jul 25, 2019, $100K"
4,Snapdeal,https://platform.tracxn.com/a/d/company/hIjt4a0eM81ENUcms__cRgnhou2WP6KrHKBYtGquzhs/snapdeal.com,"Snapdeal joined the Unicorn Club on May 20, 2014",,"Online marketplace platform offering fashion and lifestyle products. It is an online Indian shopping website that sells products such as clothing, footwear, kitchenware, pet supplies, home furnishings, and home utility items. The product catalog includes t-shirts, socks, toys, brushes, foods, books, chargers, mobiles, shoes and more.",2010,Delhi  ,India,Series H,Horizontal E-Commerce,4 years 4 months,New Enterprise Associates,BlackRock,"?385Cr as on Mar 31, 2024","$4.8B as on Aug 02, 2015",$1.77B,"277 as on Mar 31, 2025","Angel, Jul 23, 2019"
3,Mu Sigma,https://tracxn.com/d/companies/mu-sigma/___wjwzPr2VZhJf11IWsxpX1foZYXCFTJmVwi63R3jO7g,"Mu Sigma joined the Unicorn Club on Feb 28, 2013 after raising a $45M Series C funding round led by , valuing it at $1B.",Mastercard,"Visual data analytics platform for enterprises. It enables users to analyze the data, and generates insights that supports businesses in the decision making process. It provides solutions such as data engineering, data science and decision science.",2004,Northbrook  ,United States,Series C,Business Intelligence,9 years 1 month,Big Data Analytics,General Atlantic,"?899Cr as on Mar 31, 2024","$1B as on Feb 28, 2013",$215M,"2,312 as on Sep 30, 2024","Series C, Apr 18, 2024, $2.01M"
2,Flipkart,https://tracxn.com/d/companies/flipkart/__pEY5Ub_-w20aEOIgCL-qCRVeBd8rtHj_vnmmzHQ8a6E,"Flipkart joined the Unicorn Club on Aug 24, 2012",,"Online marketplace platform offering multi-category consumer products and accessories. The product catalog includes fashion, beauty, pet supplies, stationery, smoking, books, arts, gadgets, groceries, baby care, health care, home improvement products, vehicles, and more. Its mobile application is available for Android and iOS users. The company also offers refurbished electronics from various sellers.",2007,Bengaluru  ,India,Acquired,Horizontal E-Commerce,5 years 7 months,CPP Investments,Vulcan Capital,"?70,800Cr as on Mar 31, 2024","$36B as on May 25, 2024",$12.1B,"7,129 as on Feb 28, 2025","Series J, May 25, 2024, $350M"
1,InMobi,https://tracxn.com/d/companies/inmobi/__KZsV2NgmxzKyvBU2SaNCcDUztUYBp_3HMXgBSHaOoz4,"InMobi joined the Unicorn Club on Sep 15, 2011 after raising a $200M Series C funding round led by, valuing it at $1B",SoftBank Vision Fund,Platform offering mobile ad network software. It offers mobile in app advertising and monetization solutions. It enables advertisers to launch personalized mobile and website ad campaigns using targeted data analytics. It leverages AI to streamline customer engagement. It provides app developers and mobile publishers with tools to deliver native ads within apps.,2007,Bengaluru  ,India,Series D,AdTech and Marketing,4 years 8 months,Hercules Capital,Klenier Perkins,"$268M as on Mar 31, 2023","$1.5B as on Aug 07, 2014",$266M,,"Conventional Debt, Sep 11, 2024, $100M"
